corpus,source_id,source_anchor,title,source_kind,source_relation,source_unit_role,verification,disposition,root_declaration,registry_path
YWS2015,YWS-S1-principal-angles,"Section 1, principal angles and sin-Theta","Principal angles, sin-Theta, and the Frobenius sine identity",definition,published_source,supporting_source_surface,proved_in_build,compiled_generalized,TauCeti.sinThetaFrobenius,dev/yu-wang-samworth-2015-full-source-census.json
YWS2015,YWS-S1-principal-angles,"Section 1, principal angles and sin-Theta","Principal angles, sin-Theta, and the Frobenius sine identity",definition,published_source,supporting_source_surface,proved_in_build,compiled_generalized,YuWangSamworth2015.sinThetaSq_eq_sinThetaFrobenius_sq_of_spans,dev/yu-wang-samworth-2015-full-source-census.json
YWS2015,YWS-S1-principal-angles,"Section 1, principal angles and sin-Theta","Principal angles, sin-Theta, and the Frobenius sine identity",definition,published_source,supporting_source_surface,proved_in_build,compiled_generalized,YuWangSamworth2015.sinThetaFrobenius_eq_sqrt_sum_cross,dev/yu-wang-samworth-2015-full-source-census.json
YWS2015,YWS-S1-complement-identity,"Section 1, orthogonal complement identity","‖V_1^T V-hat‖_F = ‖sin Theta(V-hat, V)‖_F",identity,published_source,supporting_source_surface,proved_in_build,compiled_generalized,YuWangSamworth2015.sinThetaFrobenius_eq_sqrt_sum_cross,dev/yu-wang-samworth-2015-full-source-census.json
YWS2015,YWS-S1-procrustes,"Section 1, Procrustes alignment",Procrustes alignment: ‖V-hat O - V‖_F <= sqrt 2 ‖sin Theta‖_F,lemma,published_source,result,proved_in_build,compiled_generalized,TauCeti.sum_sq_norm_aligned_le,dev/yu-wang-samworth-2015-full-source-census.json
YWS2015,YWS-S1-procrustes,"Section 1, Procrustes alignment",Procrustes alignment: ‖V-hat O - V‖_F <= sqrt 2 ‖sin Theta‖_F,lemma,published_source,result,proved_in_build,compiled_generalized,TauCeti.sum_sq_norm_aligned_le_sinThetaSq,dev/yu-wang-samworth-2015-full-source-census.json
YWS2015,YWS-S1-procrustes,"Section 1, Procrustes alignment",Procrustes alignment: ‖V-hat O - V‖_F <= sqrt 2 ‖sin Theta‖_F,lemma,published_source,result,proved_in_build,compiled_generalized,YuWangSamworth2015.exists_aligned_orthonormalBasis,dev/yu-wang-samworth-2015-full-source-census.json
YWS2015,YWS-S1-procrustes,"Section 1, Procrustes alignment",Procrustes alignment: ‖V-hat O - V‖_F <= sqrt 2 ‖sin Theta‖_F,lemma,published_source,result,proved_in_build,compiled_generalized,YuWangSamworth2015.frameComp,dev/yu-wang-samworth-2015-full-source-census.json
YWS2015,YWS-S1-procrustes,"Section 1, Procrustes alignment",Procrustes alignment: ‖V-hat O - V‖_F <= sqrt 2 ‖sin Theta‖_F,lemma,published_source,result,proved_in_build,compiled_generalized,YuWangSamworth2015.frameComp_apply,dev/yu-wang-samworth-2015-full-source-census.json
YWS2015,YWS-S1-procrustes,"Section 1, Procrustes alignment",Procrustes alignment: ‖V-hat O - V‖_F <= sqrt 2 ‖sin Theta‖_F,lemma,published_source,result,proved_in_build,compiled_generalized,YuWangSamworth2015.orthonormal_frameComp,dev/yu-wang-samworth-2015-full-source-census.json
YWS2015,YWS-S1-procrustes,"Section 1, Procrustes alignment",Procrustes alignment: ‖V-hat O - V‖_F <= sqrt 2 ‖sin Theta‖_F,lemma,published_source,result,proved_in_build,compiled_generalized,YuWangSamworth2015.span_range_frameComp,dev/yu-wang-samworth-2015-full-source-census.json
YWS2015,YWS-S1-procrustes,"Section 1, Procrustes alignment",Procrustes alignment: ‖V-hat O - V‖_F <= sqrt 2 ‖sin Theta‖_F,lemma,published_source,result,proved_in_build,compiled_generalized,YuWangSamworth2015.adjoint_comp_self_eq_id,dev/yu-wang-samworth-2015-full-source-census.json
YWS2015,YWS-S1-procrustes,"Section 1, Procrustes alignment",Procrustes alignment: ‖V-hat O - V‖_F <= sqrt 2 ‖sin Theta‖_F,lemma,published_source,result,proved_in_build,compiled_generalized,YuWangSamworth2015.exists_unitary_sum_sq_norm_frameComp_sub_le,dev/yu-wang-samworth-2015-full-source-census.json
YWS2015,YWS-S1-procrustes,"Section 1, Procrustes alignment",Procrustes alignment: ‖V-hat O - V‖_F <= sqrt 2 ‖sin Theta‖_F,lemma,published_source,result,proved_in_build,compiled_generalized,YuWangSamworth2015.frameAlignMatrix,dev/yu-wang-samworth-2015-full-source-census.json
YWS2015,YWS-S1-procrustes,"Section 1, Procrustes alignment",Procrustes alignment: ‖V-hat O - V‖_F <= sqrt 2 ‖sin Theta‖_F,lemma,published_source,result,proved_in_build,compiled_generalized,YuWangSamworth2015.frameAlignMatrix_mem_orthogonalGroup,dev/yu-wang-samworth-2015-full-source-census.json
YWS2015,YWS-S1-procrustes,"Section 1, Procrustes alignment",Procrustes alignment: ‖V-hat O - V‖_F <= sqrt 2 ‖sin Theta‖_F,lemma,published_source,result,proved_in_build,compiled_generalized,YuWangSamworth2015.frameComp_eq_sum_frameAlignMatrix,dev/yu-wang-samworth-2015-full-source-census.json
YWS2015,YWS-T1-baseline,Theorem 1,Theorem 1 -- the statistical Davis--Kahan baseline (mixed gap),theorem,published_source,result,proved_in_build,compiled_generalized,YuWangSamworth2015.DavisKahanTheory.yuWangSamworth_theorem1_uiNorm_le,dev/yu-wang-samworth-2015-full-source-census.json
YWS2015,YWS-T1-baseline,Theorem 1,Theorem 1 -- the statistical Davis--Kahan baseline (mixed gap),theorem,published_source,result,proved_in_build,compiled_generalized,YuWangSamworth2015.DavisKahanTheory.yuWangSamworth_theorem1_frobenius_le,dev/yu-wang-samworth-2015-full-source-census.json
YWS2015,YWS-T1-baseline,Theorem 1,Theorem 1 -- the statistical Davis--Kahan baseline (mixed gap),theorem,published_source,result,proved_in_build,compiled_generalized,YuWangSamworth2015.DavisKahanTheory.yuWangSamworth_theorem1_opNorm_le,dev/yu-wang-samworth-2015-full-source-census.json
YWS2015,YWS-T1-eq1,"Section 1, equation (1)",Equation (1) -- the eigenvector specialization of the baseline,equation,published_source,supporting_source_surface,proved_in_build,compiled_specialization,YuWangSamworth2015.yuWangSamworth_intervalBlock_le,dev/yu-wang-samworth-2015-full-source-census.json
YWS2015,YWS-S1-toy-example,"Section 1, numerical illustration that delta can vanish",Section 1 -- the five-by-five illustration that Theorem 1's separation can vanish,example,published_source,supporting_source_surface,proved_in_build,compiled_exact,YuWangSamworth2015.DavisKahanTheory.mixedSeparationSet,dev/yu-wang-samworth-2015-full-source-census.json
YWS2015,YWS-S1-toy-example,"Section 1, numerical illustration that delta can vanish",Section 1 -- the five-by-five illustration that Theorem 1's separation can vanish,example,published_source,supporting_source_surface,proved_in_build,compiled_exact,YuWangSamworth2015.DavisKahanTheory.mixedSeparation,dev/yu-wang-samworth-2015-full-source-census.json
YWS2015,YWS-S1-toy-example,"Section 1, numerical illustration that delta can vanish",Section 1 -- the five-by-five illustration that Theorem 1's separation can vanish,example,published_source,supporting_source_surface,proved_in_build,compiled_exact,YuWangSamworth2015.DavisKahanTheory.mixedSeparation_eq_zero_of_le,dev/yu-wang-samworth-2015-full-source-census.json
YWS2015,YWS-S1-toy-example,"Section 1, numerical illustration that delta can vanish",Section 1 -- the five-by-five illustration that Theorem 1's separation can vanish,example,published_source,supporting_source_surface,proved_in_build,compiled_exact,YuWangSamworth2015.DavisKahanTheory.section1PopulationData,dev/yu-wang-samworth-2015-full-source-census.json
YWS2015,YWS-S1-toy-example,"Section 1, numerical illustration that delta can vanish",Section 1 -- the five-by-five illustration that Theorem 1's separation can vanish,example,published_source,supporting_source_surface,proved_in_build,compiled_exact,YuWangSamworth2015.DavisKahanTheory.section1SampleData,dev/yu-wang-samworth-2015-full-source-census.json
YWS2015,YWS-S1-toy-example,"Section 1, numerical illustration that delta can vanish",Section 1 -- the five-by-five illustration that Theorem 1's separation can vanish,example,published_source,supporting_source_surface,proved_in_build,compiled_exact,YuWangSamworth2015.DavisKahanTheory.section1_mixedSeparation_eq_zero,dev/yu-wang-samworth-2015-full-source-census.json
YWS2015,YWS-S1-toy-example,"Section 1, numerical illustration that delta can vanish",Section 1 -- the five-by-five illustration that Theorem 1's separation can vanish,example,published_source,supporting_source_surface,proved_in_build,compiled_exact,YuWangSamworth2015.DavisKahanTheory.section1_populationGap,dev/yu-wang-samworth-2015-full-source-census.json
YWS2015,YWS-S1-toy-example,"Section 1, numerical illustration that delta can vanish",Section 1 -- the five-by-five illustration that Theorem 1's separation can vanish,example,published_source,supporting_source_surface,proved_in_build,compiled_exact,YuWangSamworth2015.DavisKahanTheory.internalGap_section1,dev/yu-wang-samworth-2015-full-source-census.json
YWS2015,YWS-S1-toy-example,"Section 1, numerical illustration that delta can vanish",Section 1 -- the five-by-five illustration that Theorem 1's separation can vanish,example,published_source,supporting_source_surface,proved_in_build,compiled_exact,YuWangSamworth2015.DavisKahanTheory.opNorm_section1_perturbation,dev/yu-wang-samworth-2015-full-source-census.json
YWS2015,YWS-T2-sinTheta,Theorem 2,"Theorem 2, first conclusion -- the population-gap sine bound",theorem,published_source,result,proved_in_build,compiled_exact,TauCeti.IsEigenFamily,dev/yu-wang-samworth-2015-full-source-census.json
YWS2015,YWS-T2-sinTheta,Theorem 2,"Theorem 2, first conclusion -- the population-gap sine bound",theorem,published_source,result,proved_in_build,compiled_exact,TauCeti.IsOrderedEigenframe,dev/yu-wang-samworth-2015-full-source-census.json
YWS2015,YWS-T2-sinTheta,Theorem 2,"Theorem 2, first conclusion -- the population-gap sine bound",theorem,published_source,result,proved_in_build,compiled_exact,TauCeti.IsOrderedEigenframe.span_eq_spanIndices,dev/yu-wang-samworth-2015-full-source-census.json
YWS2015,YWS-T2-sinTheta,Theorem 2,"Theorem 2, first conclusion -- the population-gap sine bound",theorem,published_source,result,proved_in_build,compiled_exact,TauCeti.IsOrderedEigenframe.internalGap_span,dev/yu-wang-samworth-2015-full-source-census.json
YWS2015,YWS-T2-sinTheta,Theorem 2,"Theorem 2, first conclusion -- the population-gap sine bound",theorem,published_source,result,proved_in_build,compiled_exact,TauCeti.sq_gap_mul_sum_sq_norm_starProjection_orthogonal_le,dev/yu-wang-samworth-2015-full-source-census.json
YWS2015,YWS-T2-sinTheta,Theorem 2,"Theorem 2, first conclusion -- the population-gap sine bound",theorem,published_source,result,proved_in_build,compiled_exact,YuWangSamworth2015.sum_sq_norm_frameResidual_le,dev/yu-wang-samworth-2015-full-source-census.json
YWS2015,YWS-T2-sinTheta,Theorem 2,"Theorem 2, first conclusion -- the population-gap sine bound",theorem,published_source,result,proved_in_build,compiled_exact,YuWangSamworth2015.sum_sq_norm_frameResidual_le_of_opNorm,dev/yu-wang-samworth-2015-full-source-census.json
YWS2015,YWS-T2-sinTheta,Theorem 2,"Theorem 2, first conclusion -- the population-gap sine bound",theorem,published_source,result,proved_in_build,compiled_exact,YuWangSamworth2015.yuWangSamworth_sinTheta_frame_le,dev/yu-wang-samworth-2015-full-source-census.json
YWS2015,YWS-T2-sinTheta,Theorem 2,"Theorem 2, first conclusion -- the population-gap sine bound",theorem,published_source,result,proved_in_build,compiled_exact,YuWangSamworth2015.yuWangSamworth_sinTheta_le,dev/yu-wang-samworth-2015-full-source-census.json
YWS2015,YWS-T2-sinTheta,Theorem 2,"Theorem 2, first conclusion -- the population-gap sine bound",theorem,published_source,result,proved_in_build,compiled_exact,YuWangSamworth2015.sqrt_sum_cross_le_of_population_gap,dev/yu-wang-samworth-2015-full-source-census.json
YWS2015,YWS-T2-sinTheta,Theorem 2,"Theorem 2, first conclusion -- the population-gap sine bound",theorem,published_source,result,proved_in_build,compiled_exact,YuWangSamworth2015.consecutiveEmb,dev/yu-wang-samworth-2015-full-source-census.json
YWS2015,YWS-T2-sinTheta,Theorem 2,"Theorem 2, first conclusion -- the population-gap sine bound",theorem,published_source,result,proved_in_build,compiled_exact,YuWangSamworth2015.mem_range_consecutiveEmb,dev/yu-wang-samworth-2015-full-source-census.json
YWS2015,YWS-T2-sinTheta,Theorem 2,"Theorem 2, first conclusion -- the population-gap sine bound",theorem,published_source,result,proved_in_build,compiled_exact,YuWangSamworth2015.OrderedBlockBoundaryGap,dev/yu-wang-samworth-2015-full-source-census.json
YWS2015,YWS-T2-sinTheta,Theorem 2,"Theorem 2, first conclusion -- the population-gap sine bound",theorem,published_source,result,proved_in_build,compiled_exact,YuWangSamworth2015.orderedBlockBoundaryGap_iff,dev/yu-wang-samworth-2015-full-source-census.json
YWS2015,YWS-T2-sinTheta,Theorem 2,"Theorem 2, first conclusion -- the population-gap sine bound",theorem,published_source,result,proved_in_build,compiled_exact,YuWangSamworth2015.OrderedBlockBoundaryGap.indexGap,dev/yu-wang-samworth-2015-full-source-census.json
YWS2015,YWS-T2-sinTheta,Theorem 2,"Theorem 2, first conclusion -- the population-gap sine bound",theorem,published_source,result,proved_in_build,compiled_exact,YuWangSamworth2015.yuWangSamworth_sinTheta_block_le,dev/yu-wang-samworth-2015-full-source-census.json
YWS2015,YWS-T2-sinTheta,Theorem 2,"Theorem 2, first conclusion -- the population-gap sine bound",theorem,published_source,result,proved_in_build,compiled_exact,YuWangSamworth2015.IsEigenvectorBlock,dev/yu-wang-samworth-2015-full-source-census.json
YWS2015,YWS-T2-sinTheta,Theorem 2,"Theorem 2, first conclusion -- the population-gap sine bound",theorem,published_source,result,proved_in_build,compiled_exact,YuWangSamworth2015.PopulationBoundaryGap,dev/yu-wang-samworth-2015-full-source-census.json
YWS2015,YWS-T2-sinTheta,Theorem 2,"Theorem 2, first conclusion -- the population-gap sine bound",theorem,published_source,result,proved_in_build,compiled_exact,YuWangSamworth2015.frobeniusNorm,dev/yu-wang-samworth-2015-full-source-census.json
YWS2015,YWS-T2-sinTheta,Theorem 2,"Theorem 2, first conclusion -- the population-gap sine bound",theorem,published_source,result,proved_in_build,compiled_exact,YuWangSamworth2015.theorem2_sinTheta,dev/yu-wang-samworth-2015-full-source-census.json
YWS2015,YWS-T2-sinTheta,Theorem 2,"Theorem 2, first conclusion -- the population-gap sine bound",theorem,published_source,result,proved_in_build,compiled_exact,YuWangSamworth2015.isEigenvectorBlock_iff,dev/yu-wang-samworth-2015-full-source-census.json
YWS2015,YWS-T2-sinTheta,Theorem 2,"Theorem 2, first conclusion -- the population-gap sine bound",theorem,published_source,result,proved_in_build,compiled_exact,YuWangSamworth2015.populationBoundaryGap_iff,dev/yu-wang-samworth-2015-full-source-census.json
YWS2015,YWS-T2-sinTheta,Theorem 2,"Theorem 2, first conclusion -- the population-gap sine bound",theorem,published_source,result,proved_in_build,compiled_exact,YuWangSamworth2015.SourcePopulationGap,dev/yu-wang-samworth-2015-full-source-census.json
YWS2015,YWS-T2-sinTheta,Theorem 2,"Theorem 2, first conclusion -- the population-gap sine bound",theorem,published_source,result,proved_in_build,compiled_exact,YuWangSamworth2015.sourcePopulationGap_iff,dev/yu-wang-samworth-2015-full-source-census.json
YWS2015,YWS-T2-sinTheta,Theorem 2,"Theorem 2, first conclusion -- the population-gap sine bound",theorem,published_source,result,proved_in_build,compiled_exact,YuWangSamworth2015.SourcePopulationGap.toPopulationBoundaryGap,dev/yu-wang-samworth-2015-full-source-census.json
YWS2015,YWS-T2-sinTheta,Theorem 2,"Theorem 2, first conclusion -- the population-gap sine bound",theorem,published_source,result,proved_in_build,compiled_exact,TauCeti.singularValues_sinThetaMap,dev/yu-wang-samworth-2015-full-source-census.json
YWS2015,YWS-T2-alignedBasis,"Theorem 2, aligned-basis conclusion","Theorem 2, second conclusion -- existence of an aligned orthogonal frame",theorem,published_source,result,proved_in_build,compiled_exact,YuWangSamworth2015.yuWangSamworth_alignedBasis_frame_le,dev/yu-wang-samworth-2015-full-source-census.json
YWS2015,YWS-T2-alignedBasis,"Theorem 2, aligned-basis conclusion","Theorem 2, second conclusion -- existence of an aligned orthogonal frame",theorem,published_source,result,proved_in_build,compiled_exact,YuWangSamworth2015.yuWangSamworth_alignedBasis_le,dev/yu-wang-samworth-2015-full-source-census.json
YWS2015,YWS-T2-alignedBasis,"Theorem 2, aligned-basis conclusion","Theorem 2, second conclusion -- existence of an aligned orthogonal frame",theorem,published_source,result,proved_in_build,compiled_exact,YuWangSamworth2015.exists_aligned_orthonormalBasis,dev/yu-wang-samworth-2015-full-source-census.json
YWS2015,YWS-T2-alignedBasis,"Theorem 2, aligned-basis conclusion","Theorem 2, second conclusion -- existence of an aligned orthogonal frame",theorem,published_source,result,proved_in_build,compiled_exact,YuWangSamworth2015.yuWangSamworth_alignedFrame_le,dev/yu-wang-samworth-2015-full-source-census.json
YWS2015,YWS-T2-alignedBasis,"Theorem 2, aligned-basis conclusion","Theorem 2, second conclusion -- existence of an aligned orthogonal frame",theorem,published_source,result,proved_in_build,compiled_exact,YuWangSamworth2015.yuWangSamworth_alignedFrame_block_le,dev/yu-wang-samworth-2015-full-source-census.json
YWS2015,YWS-T2-alignedBasis,"Theorem 2, aligned-basis conclusion","Theorem 2, second conclusion -- existence of an aligned orthogonal frame",theorem,published_source,result,proved_in_build,compiled_exact,YuWangSamworth2015.frameComp,dev/yu-wang-samworth-2015-full-source-census.json
YWS2015,YWS-T2-alignedBasis,"Theorem 2, aligned-basis conclusion","Theorem 2, second conclusion -- existence of an aligned orthogonal frame",theorem,published_source,result,proved_in_build,compiled_exact,YuWangSamworth2015.exists_unitary_sum_sq_norm_frameComp_sub_le,dev/yu-wang-samworth-2015-full-source-census.json
YWS2015,YWS-T2-alignedBasis,"Theorem 2, aligned-basis conclusion","Theorem 2, second conclusion -- existence of an aligned orthogonal frame",theorem,published_source,result,proved_in_build,compiled_exact,YuWangSamworth2015.yuWangSamworth_alignedFrame_real_le,dev/yu-wang-samworth-2015-full-source-census.json
YWS2015,YWS-T2-alignedBasis,"Theorem 2, aligned-basis conclusion","Theorem 2, second conclusion -- existence of an aligned orthogonal frame",theorem,published_source,result,proved_in_build,compiled_exact,YuWangSamworth2015.yuWangSamworth_alignedFrame_block_real_le,dev/yu-wang-samworth-2015-full-source-census.json
YWS2015,YWS-T2-alignedBasis,"Theorem 2, aligned-basis conclusion","Theorem 2, second conclusion -- existence of an aligned orthogonal frame",theorem,published_source,result,proved_in_build,compiled_exact,YuWangSamworth2015.frameAlignMatrix_mem_orthogonalGroup,dev/yu-wang-samworth-2015-full-source-census.json
YWS2015,YWS-T2-alignedBasis,"Theorem 2, aligned-basis conclusion","Theorem 2, second conclusion -- existence of an aligned orthogonal frame",theorem,published_source,result,proved_in_build,compiled_exact,YuWangSamworth2015.IsEigenvectorBlock,dev/yu-wang-samworth-2015-full-source-census.json
YWS2015,YWS-T2-alignedBasis,"Theorem 2, aligned-basis conclusion","Theorem 2, second conclusion -- existence of an aligned orthogonal frame",theorem,published_source,result,proved_in_build,compiled_exact,YuWangSamworth2015.PopulationBoundaryGap,dev/yu-wang-samworth-2015-full-source-census.json
YWS2015,YWS-T2-alignedBasis,"Theorem 2, aligned-basis conclusion","Theorem 2, second conclusion -- existence of an aligned orthogonal frame",theorem,published_source,result,proved_in_build,compiled_exact,YuWangSamworth2015.frobeniusNorm,dev/yu-wang-samworth-2015-full-source-census.json
YWS2015,YWS-T2-alignedBasis,"Theorem 2, aligned-basis conclusion","Theorem 2, second conclusion -- existence of an aligned orthogonal frame",theorem,published_source,result,proved_in_build,compiled_exact,YuWangSamworth2015.theorem2_alignedFrame,dev/yu-wang-samworth-2015-full-source-census.json
YWS2015,YWS-T2-alignedBasis,"Theorem 2, aligned-basis conclusion","Theorem 2, second conclusion -- existence of an aligned orthogonal frame",theorem,published_source,result,proved_in_build,compiled_exact,YuWangSamworth2015.isEigenvectorBlock_iff,dev/yu-wang-samworth-2015-full-source-census.json
YWS2015,YWS-T2-alignedBasis,"Theorem 2, aligned-basis conclusion","Theorem 2, second conclusion -- existence of an aligned orthogonal frame",theorem,published_source,result,proved_in_build,compiled_exact,YuWangSamworth2015.populationBoundaryGap_iff,dev/yu-wang-samworth-2015-full-source-census.json
YWS2015,YWS-T2-alignedBasis,"Theorem 2, aligned-basis conclusion","Theorem 2, second conclusion -- existence of an aligned orthogonal frame",theorem,published_source,result,proved_in_build,compiled_exact,YuWangSamworth2015.SourcePopulationGap,dev/yu-wang-samworth-2015-full-source-census.json
YWS2015,YWS-T2-alignedBasis,"Theorem 2, aligned-basis conclusion","Theorem 2, second conclusion -- existence of an aligned orthogonal frame",theorem,published_source,result,proved_in_build,compiled_exact,YuWangSamworth2015.sourcePopulationGap_iff,dev/yu-wang-samworth-2015-full-source-census.json
YWS2015,YWS-T2-alignedBasis,"Theorem 2, aligned-basis conclusion","Theorem 2, second conclusion -- existence of an aligned orthogonal frame",theorem,published_source,result,proved_in_build,compiled_exact,YuWangSamworth2015.SourcePopulationGap.toPopulationBoundaryGap,dev/yu-wang-samworth-2015-full-source-census.json
YWS2015,YWS-T2-residual,"Theorem 2, residual form",Theorem 2's sharper residual forms,theorem,published_source,result,proved_in_build,compiled_exact,YuWangSamworth2015.yuWangSamworth_sinTheta_le_residual,dev/yu-wang-samworth-2015-full-source-census.json
YWS2015,YWS-T2-residual,"Theorem 2, residual form",Theorem 2's sharper residual forms,theorem,published_source,result,proved_in_build,compiled_exact,YuWangSamworth2015.yuWangSamworth_alignedBasis_le_residual,dev/yu-wang-samworth-2015-full-source-census.json
YWS2015,YWS-T2-residual,"Theorem 2, residual form",Theorem 2's sharper residual forms,theorem,published_source,result,proved_in_build,compiled_exact,YuWangSamworth2015.residualColumn,dev/yu-wang-samworth-2015-full-source-census.json
YWS2015,YWS-T2-residual,"Theorem 2, residual form",Theorem 2's sharper residual forms,theorem,published_source,result,proved_in_build,compiled_exact,YuWangSamworth2015.residualColumn_eq,dev/yu-wang-samworth-2015-full-source-census.json
YWS2015,YWS-T2-residual,"Theorem 2, residual form",Theorem 2's sharper residual forms,theorem,published_source,result,proved_in_build,compiled_exact,YuWangSamworth2015.frameResidual_eq,dev/yu-wang-samworth-2015-full-source-census.json
YWS2015,YWS-T2-residual,"Theorem 2, residual form",Theorem 2's sharper residual forms,theorem,published_source,result,proved_in_build,compiled_exact,YuWangSamworth2015.sq_gap_mul_sum_cross_le_sum_sq_norm_residualColumn,dev/yu-wang-samworth-2015-full-source-census.json
YWS2015,YWS-T2-residual,"Theorem 2, residual form",Theorem 2's sharper residual forms,theorem,published_source,result,proved_in_build,compiled_exact,YuWangSamworth2015.sq_gap_mul_sum_cross_le_of_population_gap,dev/yu-wang-samworth-2015-full-source-census.json
YWS2015,YWS-T2-residual,"Theorem 2, residual form",Theorem 2's sharper residual forms,theorem,published_source,result,proved_in_build,compiled_exact,YuWangSamworth2015.yuWangSamworth_alignedFrame_le_residual,dev/yu-wang-samworth-2015-full-source-census.json
YWS2015,YWS-T2-residual,"Theorem 2, residual form",Theorem 2's sharper residual forms,theorem,published_source,result,proved_in_build,compiled_exact,YuWangSamworth2015.yuWangSamworth_sinTheta_block_le_residual,dev/yu-wang-samworth-2015-full-source-census.json
YWS2015,YWS-T2-residual,"Theorem 2, residual form",Theorem 2's sharper residual forms,theorem,published_source,result,proved_in_build,compiled_exact,YuWangSamworth2015.yuWangSamworth_alignedFrame_block_le_residual,dev/yu-wang-samworth-2015-full-source-census.json
YWS2015,YWS-T2-opnorm-numerator,"Section 2, operator-norm numerator",The residual is bounded by 2 sqrt d ‖E‖_op,lemma,published_source,result,proved_in_build,compiled_exact,YuWangSamworth2015.sum_sq_norm_residualColumn_le,dev/yu-wang-samworth-2015-full-source-census.json
YWS2015,YWS-T2-opnorm-numerator,"Section 2, operator-norm numerator",The residual is bounded by 2 sqrt d ‖E‖_op,lemma,published_source,result,proved_in_build,compiled_exact,YuWangSamworth2015.sum_sq_norm_residualColumn_le_of_opNorm,dev/yu-wang-samworth-2015-full-source-census.json
YWS2015,YWS-T2-opnorm-numerator,"Section 2, operator-norm numerator",The residual is bounded by 2 sqrt d ‖E‖_op,lemma,published_source,result,proved_in_build,compiled_exact,YuWangSamworth2015.sq_gap_mul_sum_cross_le_of_population_gap_opNorm,dev/yu-wang-samworth-2015-full-source-census.json
YWS2015,YWS-T2-opnorm-numerator,"Section 2, operator-norm numerator",The residual is bounded by 2 sqrt d ‖E‖_op,lemma,published_source,result,proved_in_build,compiled_exact,YuWangSamworth2015.sum_sq_norm_frameResidual_le_of_opNorm,dev/yu-wang-samworth-2015-full-source-census.json
YWS2015,YWS-T2-opnorm-numerator,"Section 2, operator-norm numerator",The residual is bounded by 2 sqrt d ‖E‖_op,lemma,published_source,result,proved_in_build,compiled_exact,YuWangSamworth2015.sum_sq_norm_apply_orthonormal_le,dev/yu-wang-samworth-2015-full-source-census.json
YWS2015,YWS-S2-sharpness-orthogonal,"Section 2, sharpness example with orthogonal target subspaces","Sharpness example: orthogonal blocks, in both the preprint and published forms",example,published_source,supporting_source_surface,proved_in_build,compiled_generalized,YuWangSamworth2015.DavisKahanTheory.yuWangSamworth_sharpness_orthogonalBlocks,dev/yu-wang-samworth-2015-full-source-census.json
YWS2015,YWS-S2-sharpness-orthogonal,"Section 2, sharpness example with orthogonal target subspaces","Sharpness example: orthogonal blocks, in both the preprint and published forms",example,published_source,supporting_source_surface,proved_in_build,compiled_generalized,YuWangSamworth2015.DavisKahanTheory.dist_orthogonalSharpness_aligned,dev/yu-wang-samworth-2015-full-source-census.json
YWS2015,YWS-S2-sharpness-orthogonal,"Section 2, sharpness example with orthogonal target subspaces","Sharpness example: orthogonal blocks, in both the preprint and published forms",example,published_source,supporting_source_surface,proved_in_build,compiled_generalized,YuWangSamworth2015.DavisKahanTheory.sinThetaFrobenius_orthogonalSharpness,dev/yu-wang-samworth-2015-full-source-census.json
YWS2015,YWS-S2-sharpness-orthogonal,"Section 2, sharpness example with orthogonal target subspaces","Sharpness example: orthogonal blocks, in both the preprint and published forms",example,published_source,supporting_source_surface,proved_in_build,compiled_generalized,YuWangSamworth2015.DavisKahanTheory.orthogonal_orthogonalSharpness,dev/yu-wang-samworth-2015-full-source-census.json
YWS2015,YWS-S2-sharpness-orthogonal,"Section 2, sharpness example with orthogonal target subspaces","Sharpness example: orthogonal blocks, in both the preprint and published forms",example,published_source,supporting_source_surface,proved_in_build,compiled_generalized,YuWangSamworth2015.DavisKahanTheory.correspondingEigenblock_orthogonalSharpness,dev/yu-wang-samworth-2015-full-source-census.json
YWS2015,YWS-S2-sharpness-orthogonal,"Section 2, sharpness example with orthogonal target subspaces","Sharpness example: orthogonal blocks, in both the preprint and published forms",example,published_source,supporting_source_surface,proved_in_build,compiled_generalized,YuWangSamworth2015.DavisKahanTheory.internalGap_orthogonalSharpness,dev/yu-wang-samworth-2015-full-source-census.json
YWS2015,YWS-S2-sharpness-orthogonal,"Section 2, sharpness example with orthogonal target subspaces","Sharpness example: orthogonal blocks, in both the preprint and published forms",example,published_source,supporting_source_surface,proved_in_build,compiled_generalized,YuWangSamworth2015.DavisKahanTheory.opNorm_orthogonalSharpness_perturbation,dev/yu-wang-samworth-2015-full-source-census.json
YWS2015,YWS-S2-sharpness-orthogonal,"Section 2, sharpness example with orthogonal target subspaces","Sharpness example: orthogonal blocks, in both the preprint and published forms",example,published_source,supporting_source_surface,proved_in_build,compiled_generalized,YuWangSamworth2015.DavisKahanTheory.yuWangSamworth_sharpness_middleBlock,dev/yu-wang-samworth-2015-full-source-census.json
YWS2015,YWS-S2-sharpness-orthogonal,"Section 2, sharpness example with orthogonal target subspaces","Sharpness example: orthogonal blocks, in both the preprint and published forms",example,published_source,supporting_source_surface,proved_in_build,compiled_generalized,YuWangSamworth2015.DavisKahanTheory.correspondingEigenblock_middleSharpness,dev/yu-wang-samworth-2015-full-source-census.json
YWS2015,YWS-S2-sharpness-orthogonal,"Section 2, sharpness example with orthogonal target subspaces","Sharpness example: orthogonal blocks, in both the preprint and published forms",example,published_source,supporting_source_surface,proved_in_build,compiled_generalized,YuWangSamworth2015.DavisKahanTheory.orthogonal_middleSharpness,dev/yu-wang-samworth-2015-full-source-census.json
YWS2015,YWS-S2-sharpness-orthogonal,"Section 2, sharpness example with orthogonal target subspaces","Sharpness example: orthogonal blocks, in both the preprint and published forms",example,published_source,supporting_source_surface,proved_in_build,compiled_generalized,YuWangSamworth2015.DavisKahanTheory.internalGap_middleSharpness,dev/yu-wang-samworth-2015-full-source-census.json
YWS2015,YWS-S2-sharpness-orthogonal,"Section 2, sharpness example with orthogonal target subspaces","Sharpness example: orthogonal blocks, in both the preprint and published forms",example,published_source,supporting_source_surface,proved_in_build,compiled_generalized,YuWangSamworth2015.DavisKahanTheory.sinThetaFrobenius_middleSharpness,dev/yu-wang-samworth-2015-full-source-census.json
YWS2015,YWS-S2-sharpness-orthogonal,"Section 2, sharpness example with orthogonal target subspaces","Sharpness example: orthogonal blocks, in both the preprint and published forms",example,published_source,supporting_source_surface,proved_in_build,compiled_generalized,YuWangSamworth2015.DavisKahanTheory.dist_middleSharpness_aligned,dev/yu-wang-samworth-2015-full-source-census.json
YWS2015,YWS-S2-sharpness-orthogonal,"Section 2, sharpness example with orthogonal target subspaces","Sharpness example: orthogonal blocks, in both the preprint and published forms",example,published_source,supporting_source_surface,proved_in_build,compiled_generalized,YuWangSamworth2015.DavisKahanTheory.opNorm_middleSharpness_perturbation,dev/yu-wang-samworth-2015-full-source-census.json
YWS2015,YWS-S2-sharpness-orthogonal,"Section 2, sharpness example with orthogonal target subspaces","Sharpness example: orthogonal blocks, in both the preprint and published forms",example,published_source,supporting_source_surface,proved_in_build,compiled_generalized,LinearMap.IsSymmetric.eigenvalues_level_eq_Ico,dev/yu-wang-samworth-2015-full-source-census.json
YWS2015,YWS-S2-sharpness-orthogonal,"Section 2, sharpness example with orthogonal target subspaces","Sharpness example: orthogonal blocks, in both the preprint and published forms",example,published_source,supporting_source_surface,proved_in_build,compiled_generalized,LinearMap.IsSymmetric.spanIndices_Ico_eq_eigenspace,dev/yu-wang-samworth-2015-full-source-census.json
YWS2015,YWS-S2-sharpness-orthogonal,"Section 2, sharpness example with orthogonal target subspaces","Sharpness example: orthogonal blocks, in both the preprint and published forms",example,published_source,supporting_source_surface,proved_in_build,compiled_generalized,TauCeti.card_filter_lt_eigenvalues_basisDiagonal,dev/yu-wang-samworth-2015-full-source-census.json
YWS2015,YWS-S2-sharpness-orthogonal,"Section 2, sharpness example with orthogonal target subspaces","Sharpness example: orthogonal blocks, in both the preprint and published forms",example,published_source,supporting_source_surface,proved_in_build,compiled_generalized,YuWangSamworth2015.correspondingEigenblock_eigenvalueLevel,dev/yu-wang-samworth-2015-full-source-census.json
YWS2015,YWS-S2-sharpness-orthogonal,"Section 2, sharpness example with orthogonal target subspaces","Sharpness example: orthogonal blocks, in both the preprint and published forms",example,published_source,supporting_source_surface,proved_in_build,compiled_generalized,YuWangSamworth2015.correspondingEigenblock_basisDiagonal_level,dev/yu-wang-samworth-2015-full-source-census.json
YWS2015,YWS-S2-sharpness-orthogonal,"Section 2, sharpness example with orthogonal target subspaces","Sharpness example: orthogonal blocks, in both the preprint and published forms",example,published_source,supporting_source_surface,proved_in_build,compiled_generalized,YuWangSamworth2015.sinThetaFrobenius_spanIndices_of_subset_compl,dev/yu-wang-samworth-2015-full-source-census.json
YWS2015,YWS-S2-sharpness-orthogonal,"Section 2, sharpness example with orthogonal target subspaces","Sharpness example: orthogonal blocks, in both the preprint and published forms",example,published_source,supporting_source_surface,proved_in_build,compiled_generalized,YuWangSamworth2015.sum_sq_norm_sub_eq_of_le_orthogonal,dev/yu-wang-samworth-2015-full-source-census.json
YWS2015,YWS-S2-sharpness-orthogonal,"Section 2, sharpness example with orthogonal target subspaces","Sharpness example: orthogonal blocks, in both the preprint and published forms",example,published_source,supporting_source_surface,proved_in_build,compiled_generalized,YuWangSamworth2015.DavisKahanTheory.card_middleSharpnessSample_level_three,dev/yu-wang-samworth-2015-full-source-census.json
YWS2015,YWS-S2-sharpness-orthogonal,"Section 2, sharpness example with orthogonal target subspaces","Sharpness example: orthogonal blocks, in both the preprint and published forms",example,published_source,supporting_source_surface,proved_in_build,compiled_generalized,TauCeti.eigenvalues_basisDiagonal_eq_of_card,dev/yu-wang-samworth-2015-full-source-census.json
YWS2015,YWS-S2-sharpness-planar,"Section 2, sharpness scale for nearby one-dimensional eigenspaces","Sharpness example: planar rotation, nearby one-dimensional eigenspaces",example,published_source,supporting_source_surface,proved_in_build,compiled_generalized,YuWangSamworth2015.DavisKahanTheory.yuWangSamworth_sharpness_planarRotation,dev/yu-wang-samworth-2015-full-source-census.json
YWS2015,YWS-S2-sharpness-planar,"Section 2, sharpness scale for nearby one-dimensional eigenspaces","Sharpness example: planar rotation, nearby one-dimensional eigenspaces",example,published_source,supporting_source_surface,proved_in_build,compiled_generalized,YuWangSamworth2015.DavisKahanTheory.sinThetaFrobenius_planarSharpness,dev/yu-wang-samworth-2015-full-source-census.json
YWS2015,YWS-S2-sharpness-planar,"Section 2, sharpness scale for nearby one-dimensional eigenspaces","Sharpness example: planar rotation, nearby one-dimensional eigenspaces",example,published_source,supporting_source_surface,proved_in_build,compiled_generalized,YuWangSamworth2015.DavisKahanTheory.opNorm_planarSharpness_perturbation,dev/yu-wang-samworth-2015-full-source-census.json
YWS2015,YWS-S2-sharpness-planar,"Section 2, sharpness scale for nearby one-dimensional eigenspaces","Sharpness example: planar rotation, nearby one-dimensional eigenspaces",example,published_source,supporting_source_surface,proved_in_build,compiled_generalized,YuWangSamworth2015.DavisKahanTheory.norm_sub_sq_planarSharpness,dev/yu-wang-samworth-2015-full-source-census.json
YWS2015,YWS-S2-sharpness-planar,"Section 2, sharpness scale for nearby one-dimensional eigenspaces","Sharpness example: planar rotation, nearby one-dimensional eigenspaces",example,published_source,supporting_source_surface,proved_in_build,compiled_generalized,YuWangSamworth2015.DavisKahanTheory.correspondingEigenblock_planarSharpness,dev/yu-wang-samworth-2015-full-source-census.json
YWS2015,YWS-S2-sharpness-planar,"Section 2, sharpness scale for nearby one-dimensional eigenspaces","Sharpness example: planar rotation, nearby one-dimensional eigenspaces",example,published_source,supporting_source_surface,proved_in_build,compiled_generalized,YuWangSamworth2015.DavisKahanTheory.internalGap_planarSharpness,dev/yu-wang-samworth-2015-full-source-census.json
YWS2015,YWS-S2-sharpness-planar,"Section 2, sharpness scale for nearby one-dimensional eigenspaces","Sharpness example: planar rotation, nearby one-dimensional eigenspaces",example,published_source,supporting_source_surface,proved_in_build,compiled_generalized,YuWangSamworth2015.DavisKahanTheory.norm_projection_orthogonal_span_singleton,dev/yu-wang-samworth-2015-full-source-census.json
YWS2015,YWS-EQ4-double-angle,Equation (4),"Equation (4) -- the double-angle identity, FALSE AS PRINTED",equation,published_source,supporting_source_surface,proved_in_build,compiled_corrected,YuWangSamworth2015.DavisKahanTheory.yuWangSamworth_equation4,dev/yu-wang-samworth-2015-full-source-census.json
YWS2015,YWS-EQ4-double-angle,Equation (4),"Equation (4) -- the double-angle identity, FALSE AS PRINTED",equation,published_source,supporting_source_surface,proved_in_build,compiled_corrected,YuWangSamworth2015.DavisKahanTheory.yuWangSamworth_equation4_printed_counterexample,dev/yu-wang-samworth-2015-full-source-census.json
YWS2015,YWS-C1-rankone,Corollary 1,"Corollary 1 -- the single-eigenvector case, both displays",corollary,published_source,result,proved_in_build,compiled_exact,YuWangSamworth2015.yuWangSamworth_eigenvector_frame_sinTheta_le,dev/yu-wang-samworth-2015-full-source-census.json
YWS2015,YWS-C1-rankone,Corollary 1,"Corollary 1 -- the single-eigenvector case, both displays",corollary,published_source,result,proved_in_build,compiled_exact,YuWangSamworth2015.yuWangSamworth_eigenvector_frame_le,dev/yu-wang-samworth-2015-full-source-census.json
YWS2015,YWS-C1-rankone,Corollary 1,"Corollary 1 -- the single-eigenvector case, both displays",corollary,published_source,result,proved_in_build,compiled_exact,YuWangSamworth2015.yuWangSamworth_eigenvector_real_le,dev/yu-wang-samworth-2015-full-source-census.json
YWS2015,YWS-C1-rankone,Corollary 1,"Corollary 1 -- the single-eigenvector case, both displays",corollary,published_source,result,proved_in_build,compiled_exact,YuWangSamworth2015.yuWangSamworth_eigenvector_le,dev/yu-wang-samworth-2015-full-source-census.json
YWS2015,YWS-C1-rankone,Corollary 1,"Corollary 1 -- the single-eigenvector case, both displays",corollary,published_source,result,proved_in_build,compiled_exact,YuWangSamworth2015.OrderedBlockBoundaryGap.gap_of_singleton,dev/yu-wang-samworth-2015-full-source-census.json
YWS2015,YWS-C1-rankone,Corollary 1,"Corollary 1 -- the single-eigenvector case, both displays",corollary,published_source,result,proved_in_build,compiled_exact,YuWangSamworth2015.DavisKahanTheory.yuWangSamworth_corollary1_sinTheta_le,dev/yu-wang-samworth-2015-full-source-census.json
YWS2015,YWS-C1-rankone,Corollary 1,"Corollary 1 -- the single-eigenvector case, both displays",corollary,published_source,result,proved_in_build,compiled_exact,YuWangSamworth2015.DavisKahanTheory.yuWangSamworth_corollary1_real_le,dev/yu-wang-samworth-2015-full-source-census.json
YWS2015,YWS-C1-rankone,Corollary 1,"Corollary 1 -- the single-eigenvector case, both displays",corollary,published_source,result,proved_in_build,compiled_exact,YuWangSamworth2015.DavisKahanTheory.yuWangSamworth_corollary1_scalarSample,dev/yu-wang-samworth-2015-full-source-census.json
YWS2015,YWS-C1-rankone,Corollary 1,"Corollary 1 -- the single-eigenvector case, both displays",corollary,published_source,result,proved_in_build,compiled_exact,YuWangSamworth2015.DavisKahanTheory.eigenvalues_scalarSampleSample,dev/yu-wang-samworth-2015-full-source-census.json
YWS2015,YWS-C1-rankone,Corollary 1,"Corollary 1 -- the single-eigenvector case, both displays",corollary,published_source,result,proved_in_build,compiled_exact,YuWangSamworth2015.DavisKahanTheory.eigenvalues_scalarSamplePopulation_zero,dev/yu-wang-samworth-2015-full-source-census.json
YWS2015,YWS-S3-applications,"Section 3, audit of statistical applications",Section 3 -- audit of how statisticians actually apply Davis--Kahan,exposition,published_source,supporting_source_surface,proved_in_build,compiled_generalized,YuWangSamworth2015.mixedGap_of_populationGap_weyl,dev/yu-wang-samworth-2015-full-source-census.json
YWS2015,YWS-S3-applications,"Section 3, audit of statistical applications",Section 3 -- audit of how statisticians actually apply Davis--Kahan,exposition,published_source,supporting_source_surface,proved_in_build,compiled_generalized,YuWangSamworth2015.DavisKahanTheory.yuWangSamworth_weylRecovered_le_populationGap_bound,dev/yu-wang-samworth-2015-full-source-census.json
YWS2015,YWS-S3-applications,"Section 3, audit of statistical applications",Section 3 -- audit of how statisticians actually apply Davis--Kahan,exposition,published_source,supporting_source_surface,proved_in_build,compiled_generalized,YuWangSamworth2015.DavisKahanTheory.section1_weylRecovery_fails,dev/yu-wang-samworth-2015-full-source-census.json
YWS2015,YWS-S3-applications,"Section 3, audit of statistical applications",Section 3 -- audit of how statisticians actually apply Davis--Kahan,exposition,published_source,supporting_source_surface,proved_in_build,compiled_generalized,YuWangSamworth2015.DavisKahanTheory.section1_no_sample_eigenvalue_in_block,dev/yu-wang-samworth-2015-full-source-census.json
YWS2015,YWS-T3-right,Theorem 3,"Theorem 3 -- right singular subspaces, population squared-singular gap",theorem,published_source,result,proved_in_build,compiled_corrected,YuWangSamworth2015.rightSingularSubspace,dev/yu-wang-samworth-2015-full-source-census.json
YWS2015,YWS-T3-right,Theorem 3,"Theorem 3 -- right singular subspaces, population squared-singular gap",theorem,published_source,result,proved_in_build,compiled_corrected,YuWangSamworth2015.rightSingularSubspace_sinTheta_le,dev/yu-wang-samworth-2015-full-source-census.json
YWS2015,YWS-T3-right,Theorem 3,"Theorem 3 -- right singular subspaces, population squared-singular gap",theorem,published_source,result,proved_in_build,compiled_corrected,YuWangSamworth2015.DavisKahanTheory.IsOrderedRightSingularFrame,dev/yu-wang-samworth-2015-full-source-census.json
YWS2015,YWS-T3-right,Theorem 3,"Theorem 3 -- right singular subspaces, population squared-singular gap",theorem,published_source,result,proved_in_build,compiled_corrected,YuWangSamworth2015.DavisKahanTheory.yuWangSamworth_rightSingularSubspace_frame_le,dev/yu-wang-samworth-2015-full-source-census.json
YWS2015,YWS-T3-right,Theorem 3,"Theorem 3 -- right singular subspaces, population squared-singular gap",theorem,published_source,result,proved_in_build,compiled_corrected,YuWangSamworth2015.DavisKahanTheory.CorrespondingRightSingularBlock,dev/yu-wang-samworth-2015-full-source-census.json
YWS2015,YWS-T3-right,Theorem 3,"Theorem 3 -- right singular subspaces, population squared-singular gap",theorem,published_source,result,proved_in_build,compiled_corrected,YuWangSamworth2015.DavisKahanTheory.RightSingularInternalGap,dev/yu-wang-samworth-2015-full-source-census.json
YWS2015,YWS-T3-right,Theorem 3,"Theorem 3 -- right singular subspaces, population squared-singular gap",theorem,published_source,result,proved_in_build,compiled_corrected,YuWangSamworth2015.DavisKahanTheory.yuWangSamworth_rightSingularSubspace_le,dev/yu-wang-samworth-2015-full-source-census.json
YWS2015,YWS-T3-right,Theorem 3,"Theorem 3 -- right singular subspaces, population squared-singular gap",theorem,published_source,result,proved_in_build,compiled_corrected,YuWangSamworth2015.DavisKahanTheory.yuWangSamworth_rightSingularSubspace_opNormCoefficient_le,dev/yu-wang-samworth-2015-full-source-census.json
YWS2015,YWS-T3-right,Theorem 3,"Theorem 3 -- right singular subspaces, population squared-singular gap",theorem,published_source,result,proved_in_build,compiled_corrected,YuWangSamworth2015.DavisKahanTheory.sq_singularValues_eq_eigenvalues_rightGram,dev/yu-wang-samworth-2015-full-source-census.json
YWS2015,YWS-T3-right,Theorem 3,"Theorem 3 -- right singular subspaces, population squared-singular gap",theorem,published_source,result,proved_in_build,compiled_corrected,YuWangSamworth2015.DavisKahanTheory.orderedBlockBoundaryGap_rightGram,dev/yu-wang-samworth-2015-full-source-census.json
YWS2015,YWS-T3-right,Theorem 3,"Theorem 3 -- right singular subspaces, population squared-singular gap",theorem,published_source,result,proved_in_build,compiled_corrected,YuWangSamworth2015.DavisKahanTheory.singularBoundaryGap_of_rank_le,dev/yu-wang-samworth-2015-full-source-census.json
YWS2015,YWS-T3-right,Theorem 3,"Theorem 3 -- right singular subspaces, population squared-singular gap",theorem,published_source,result,proved_in_build,compiled_corrected,YuWangSamworth2015.DavisKahanTheory.yuWangSamworth_rightSingularSubspace_block_le,dev/yu-wang-samworth-2015-full-source-census.json
YWS2015,YWS-T3-left,"Theorem 3, left singular blocks",Theorem 3 -- the identical statement for left singular subspaces,theorem,published_source,result,proved_in_build,compiled_corrected,YuWangSamworth2015.leftSingularSubspace,dev/yu-wang-samworth-2015-full-source-census.json
YWS2015,YWS-T3-left,"Theorem 3, left singular blocks",Theorem 3 -- the identical statement for left singular subspaces,theorem,published_source,result,proved_in_build,compiled_corrected,YuWangSamworth2015.leftSingularSubspace_sinTheta_le,dev/yu-wang-samworth-2015-full-source-census.json
YWS2015,YWS-T3-left,"Theorem 3, left singular blocks",Theorem 3 -- the identical statement for left singular subspaces,theorem,published_source,result,proved_in_build,compiled_corrected,YuWangSamworth2015.DavisKahanTheory.IsOrderedLeftSingularFrame,dev/yu-wang-samworth-2015-full-source-census.json
YWS2015,YWS-T3-left,"Theorem 3, left singular blocks",Theorem 3 -- the identical statement for left singular subspaces,theorem,published_source,result,proved_in_build,compiled_corrected,YuWangSamworth2015.DavisKahanTheory.yuWangSamworth_leftSingularSubspace_frame_le,dev/yu-wang-samworth-2015-full-source-census.json
YWS2015,YWS-T3-left,"Theorem 3, left singular blocks",Theorem 3 -- the identical statement for left singular subspaces,theorem,published_source,result,proved_in_build,compiled_corrected,YuWangSamworth2015.DavisKahanTheory.CorrespondingLeftSingularBlock,dev/yu-wang-samworth-2015-full-source-census.json
YWS2015,YWS-T3-left,"Theorem 3, left singular blocks",Theorem 3 -- the identical statement for left singular subspaces,theorem,published_source,result,proved_in_build,compiled_corrected,YuWangSamworth2015.DavisKahanTheory.LeftSingularInternalGap,dev/yu-wang-samworth-2015-full-source-census.json
YWS2015,YWS-T3-left,"Theorem 3, left singular blocks",Theorem 3 -- the identical statement for left singular subspaces,theorem,published_source,result,proved_in_build,compiled_corrected,YuWangSamworth2015.DavisKahanTheory.yuWangSamworth_leftSingularSubspace_le,dev/yu-wang-samworth-2015-full-source-census.json
YWS2015,YWS-T3-left,"Theorem 3, left singular blocks",Theorem 3 -- the identical statement for left singular subspaces,theorem,published_source,result,proved_in_build,compiled_corrected,YuWangSamworth2015.DavisKahanTheory.yuWangSamworth_leftSingularSubspace_opNormCoefficient_le,dev/yu-wang-samworth-2015-full-source-census.json
YWS2015,YWS-T3-left,"Theorem 3, left singular blocks",Theorem 3 -- the identical statement for left singular subspaces,theorem,published_source,result,proved_in_build,compiled_corrected,YuWangSamworth2015.DavisKahanTheory.sq_singularValues_eq_eigenvalues_leftGram,dev/yu-wang-samworth-2015-full-source-census.json
YWS2015,YWS-T3-left,"Theorem 3, left singular blocks",Theorem 3 -- the identical statement for left singular subspaces,theorem,published_source,result,proved_in_build,compiled_corrected,YuWangSamworth2015.DavisKahanTheory.orderedBlockBoundaryGap_leftGram,dev/yu-wang-samworth-2015-full-source-census.json
YWS2015,YWS-T3-left,"Theorem 3, left singular blocks",Theorem 3 -- the identical statement for left singular subspaces,theorem,published_source,result,proved_in_build,compiled_corrected,YuWangSamworth2015.DavisKahanTheory.yuWangSamworth_leftSingularSubspace_block_le,dev/yu-wang-samworth-2015-full-source-census.json
YWS2015,YWS-T3-aligned,"Theorem 3, aligned-frame conclusion","Theorem 3 -- the aligned-frame conclusion, both sides",theorem,published_source,result,proved_in_build,compiled_corrected,YuWangSamworth2015.DavisKahanTheory.yuWangSamworth_rightSingularAlignedBasis_frame_le,dev/yu-wang-samworth-2015-full-source-census.json
YWS2015,YWS-T3-aligned,"Theorem 3, aligned-frame conclusion","Theorem 3 -- the aligned-frame conclusion, both sides",theorem,published_source,result,proved_in_build,compiled_corrected,YuWangSamworth2015.DavisKahanTheory.yuWangSamworth_leftSingularAlignedBasis_frame_le,dev/yu-wang-samworth-2015-full-source-census.json
YWS2015,YWS-T3-aligned,"Theorem 3, aligned-frame conclusion","Theorem 3 -- the aligned-frame conclusion, both sides",theorem,published_source,result,proved_in_build,compiled_corrected,YuWangSamworth2015.DavisKahanTheory.yuWangSamworth_rightSingularAlignedBasis_le,dev/yu-wang-samworth-2015-full-source-census.json
YWS2015,YWS-T3-aligned,"Theorem 3, aligned-frame conclusion","Theorem 3 -- the aligned-frame conclusion, both sides",theorem,published_source,result,proved_in_build,compiled_corrected,YuWangSamworth2015.DavisKahanTheory.yuWangSamworth_leftSingularAlignedBasis_le,dev/yu-wang-samworth-2015-full-source-census.json
YWS2015,YWS-T3-aligned,"Theorem 3, aligned-frame conclusion","Theorem 3 -- the aligned-frame conclusion, both sides",theorem,published_source,result,proved_in_build,compiled_corrected,YuWangSamworth2015.DavisKahanTheory.yuWangSamworth_rightSingularAlignedBasis_block_le,dev/yu-wang-samworth-2015-full-source-census.json
YWS2015,YWS-T3-aligned,"Theorem 3, aligned-frame conclusion","Theorem 3 -- the aligned-frame conclusion, both sides",theorem,published_source,result,proved_in_build,compiled_corrected,YuWangSamworth2015.DavisKahanTheory.yuWangSamworth_leftSingularAlignedBasis_block_le,dev/yu-wang-samworth-2015-full-source-census.json
YWS2015,YWS-T3-rankBoundary,"Theorem 3, rank-boundary convention","Theorem 3's convention sigma_{rank(A)+1}^2 = -infinity, FALSE AS PRINTED",scope,published_source,supporting_source_surface,proved_in_build,compiled_corrected,YuWangSamworth2015.DavisKahanTheory.yuWangSamworth_theorem3_printed_rankBoundary_refutation,dev/yu-wang-samworth-2015-full-source-census.json
YWS2015,YWS-T3-rankBoundary,"Theorem 3, rank-boundary convention","Theorem 3's convention sigma_{rank(A)+1}^2 = -infinity, FALSE AS PRINTED",scope,published_source,supporting_source_surface,proved_in_build,compiled_corrected,YuWangSamworth2015.DavisKahanTheory.yuWangSamworth_theorem3_printed_rankBoundary_refutation_euclidean,dev/yu-wang-samworth-2015-full-source-census.json
YWS2015,YWS-T3-rankBoundary,"Theorem 3, rank-boundary convention","Theorem 3's convention sigma_{rank(A)+1}^2 = -infinity, FALSE AS PRINTED",scope,published_source,supporting_source_surface,proved_in_build,compiled_corrected,YuWangSamworth2015.DavisKahanTheory.sinThetaFrobenius_orthogonal_lines,dev/yu-wang-samworth-2015-full-source-census.json
YWS2015,YWS-T3-rankBoundary,"Theorem 3, rank-boundary convention","Theorem 3's convention sigma_{rank(A)+1}^2 = -infinity, FALSE AS PRINTED",scope,published_source,supporting_source_surface,proved_in_build,compiled_corrected,YuWangSamworth2015.DavisKahanTheory.rightGram_projection,dev/yu-wang-samworth-2015-full-source-census.json
YWS2015,YWS-T3-rankBoundary,"Theorem 3, rank-boundary convention","Theorem 3's convention sigma_{rank(A)+1}^2 = -infinity, FALSE AS PRINTED",scope,published_source,supporting_source_surface,proved_in_build,compiled_corrected,YuWangSamworth2015.DavisKahanTheory.range_projection,dev/yu-wang-samworth-2015-full-source-census.json
YWS2015,YWS-T3-rankone,"Theorem 3, rank-one singular-vector consequence",Rank-one singular-vector corollaries (beyond the printed paper),corollary,extension,result,proved_in_build,compiled_generalized,YuWangSamworth2015.DavisKahanTheory.yuWangSamworth_rightSingularVector_le,dev/yu-wang-samworth-2015-full-source-census.json
YWS2015,YWS-T3-rankone,"Theorem 3, rank-one singular-vector consequence",Rank-one singular-vector corollaries (beyond the printed paper),corollary,extension,result,proved_in_build,compiled_generalized,YuWangSamworth2015.DavisKahanTheory.yuWangSamworth_leftSingularVector_le,dev/yu-wang-samworth-2015-full-source-census.json
YWS2015,YWS-T3-rankone,"Theorem 3, rank-one singular-vector consequence",Rank-one singular-vector corollaries (beyond the printed paper),corollary,extension,result,proved_in_build,compiled_generalized,YuWangSamworth2015.DavisKahanTheory.yuWangSamworth_rightSingularVector_opNormCoefficient_le,dev/yu-wang-samworth-2015-full-source-census.json
YWS2015,YWS-T3-rankone,"Theorem 3, rank-one singular-vector consequence",Rank-one singular-vector corollaries (beyond the printed paper),corollary,extension,result,proved_in_build,compiled_generalized,YuWangSamworth2015.DavisKahanTheory.yuWangSamworth_leftSingularVector_opNormCoefficient_le,dev/yu-wang-samworth-2015-full-source-census.json
YWS2015,YWS-A-gram-transport,"Appendix, equations (A7)-(A8)",Appendix equations (A7)-(A8) -- the Gram transport identities,identity,published_source,supporting_source_surface,proved_in_build,compiled_exact,YuWangSamworth2015.DavisKahanTheory.frobenius_rightGram_sub_le,dev/yu-wang-samworth-2015-full-source-census.json
YWS2015,YWS-A-gram-transport,"Appendix, equations (A7)-(A8)",Appendix equations (A7)-(A8) -- the Gram transport identities,identity,published_source,supporting_source_surface,proved_in_build,compiled_exact,YuWangSamworth2015.DavisKahanTheory.frobenius_leftGram_sub_le,dev/yu-wang-samworth-2015-full-source-census.json
YWS2015,YWS-A-gram-transport,"Appendix, equations (A7)-(A8)",Appendix equations (A7)-(A8) -- the Gram transport identities,identity,published_source,supporting_source_surface,proved_in_build,compiled_exact,YuWangSamworth2015.DavisKahanTheory.opNorm_rightGram_sub_le_paperCoefficient,dev/yu-wang-samworth-2015-full-source-census.json
YWS2015,YWS-A-gram-transport,"Appendix, equations (A7)-(A8)",Appendix equations (A7)-(A8) -- the Gram transport identities,identity,published_source,supporting_source_surface,proved_in_build,compiled_exact,YuWangSamworth2015.DavisKahanTheory.opNorm_leftGram_sub_le_paperCoefficient,dev/yu-wang-samworth-2015-full-source-census.json
YWS2015,YWS-A-gram-transport,"Appendix, equations (A7)-(A8)",Appendix equations (A7)-(A8) -- the Gram transport identities,identity,published_source,supporting_source_surface,proved_in_build,compiled_exact,YuWangSamworth2015.DavisKahanTheory.frobenius_rightGram_sub_le_paperCoefficient,dev/yu-wang-samworth-2015-full-source-census.json
YWS2015,YWS-A-gram-transport,"Appendix, equations (A7)-(A8)",Appendix equations (A7)-(A8) -- the Gram transport identities,identity,published_source,supporting_source_surface,proved_in_build,compiled_exact,YuWangSamworth2015.DavisKahanTheory.frobenius_leftGram_sub_le_paperCoefficient,dev/yu-wang-samworth-2015-full-source-census.json
YWS2015,YWS-A-gram-transport,"Appendix, equations (A7)-(A8)",Appendix equations (A7)-(A8) -- the Gram transport identities,identity,published_source,supporting_source_surface,proved_in_build,compiled_exact,YuWangSamworth2015.DavisKahanTheory.sum_opNorm_le_paperCoefficient,dev/yu-wang-samworth-2015-full-source-census.json
YWS2015,YWS-A-dilation-alternative,"Appendix, self-adjoint dilation route","The self-adjoint dilation route is a modern alternative, not the paper's",exposition,extension,supporting_source_surface,proved_in_build,not_proof_debt,YuWangSamworth2015.hermitianDilation,dev/yu-wang-samworth-2015-full-source-census.json
YWS2015,YWS-A-dilation-alternative,"Appendix, self-adjoint dilation route","The self-adjoint dilation route is a modern alternative, not the paper's",exposition,extension,supporting_source_surface,proved_in_build,not_proof_debt,YuWangSamworth2015.isSymmetric_hermitianDilation,dev/yu-wang-samworth-2015-full-source-census.json
YWS2015,YWS-A-dilation-alternative,"Appendix, self-adjoint dilation route","The self-adjoint dilation route is a modern alternative, not the paper's",exposition,extension,supporting_source_surface,proved_in_build,not_proof_debt,YuWangSamworth2015.hermitianDilation_sq,dev/yu-wang-samworth-2015-full-source-census.json
YWS2015,YWS-A-dilation-alternative,"Appendix, self-adjoint dilation route","The self-adjoint dilation route is a modern alternative, not the paper's",exposition,extension,supporting_source_surface,proved_in_build,not_proof_debt,YuWangSamworth2015.singularSubspace_dilation_sinTheta_le,dev/yu-wang-samworth-2015-full-source-census.json
YWS2015,YWS-LA1-inequality,Lemma A1,"Lemma A1, inequality half -- orthonormal compression cannot increase the Frobenius norm",lemma,published_source,result,proved_in_build,compiled_generalized,YuWangSamworth2015.DavisKahanTheory.yuWangSamworth_lemma5_columns,dev/yu-wang-samworth-2015-full-source-census.json
YWS2015,YWS-LA1-inequality,Lemma A1,"Lemma A1, inequality half -- orthonormal compression cannot increase the Frobenius norm",lemma,published_source,result,proved_in_build,compiled_generalized,YuWangSamworth2015.DavisKahanTheory.yuWangSamworth_lemma5_isometricColumns,dev/yu-wang-samworth-2015-full-source-census.json
YWS2015,YWS-LA1-inequality,Lemma A1,"Lemma A1, inequality half -- orthonormal compression cannot increase the Frobenius norm",lemma,published_source,result,proved_in_build,compiled_generalized,YuWangSamworth2015.DavisKahanTheory.yuWangSamworth_lemma5_orthonormalColumns,dev/yu-wang-samworth-2015-full-source-census.json
YWS2015,YWS-LA1-inequality,Lemma A1,"Lemma A1, inequality half -- orthonormal compression cannot increase the Frobenius norm",lemma,published_source,result,proved_in_build,compiled_generalized,YuWangSamworth2015.sum_sq_norm_apply_orthonormal_le,dev/yu-wang-samworth-2015-full-source-census.json
YWS2015,YWS-LA1-equality,"Lemma A1, orthonormal-row equality","Lemma A1, equality half -- orthonormal rows give equality",lemma,published_source,result,proved_in_build,compiled_generalized,YuWangSamworth2015.DavisKahanTheory.yuWangSamworth_lemma5_rows,dev/yu-wang-samworth-2015-full-source-census.json
YWS2015,YWS-LA1-equality,"Lemma A1, orthonormal-row equality","Lemma A1, equality half -- orthonormal rows give equality",lemma,published_source,result,proved_in_build,compiled_generalized,YuWangSamworth2015.DavisKahanTheory.yuWangSamworth_lemma5_orthonormalRows,dev/yu-wang-samworth-2015-full-source-census.json
DK1970,S2-sin-theta,"Section 2, sin theta theorem",Single-angle sine theorem,unnumbered_theorem,published_result,result,proved_in_build,proved_exact,DavisKahan1970.sinTheta_headline,dev/davis-kahan-1970-formalization-result-inventory.json
DK1970,S2-sin-theta,"Section 2, sin theta theorem",Single-angle sine theorem,unnumbered_theorem,published_result,result,proved_in_build,proved_exact,TauCeti.DavisKahan1970.sinTheta_headline_generic,dev/davis-kahan-1970-formalization-result-inventory.json
DK1970,S2-sin-theta,"Section 2, sin theta theorem",Single-angle sine theorem,unnumbered_theorem,published_result,result,proved_in_build,proved_exact,TauCeti.DavisKahan1970.sinTheta,dev/davis-kahan-1970-formalization-result-inventory.json
DK1970,S2-sin-theta,"Section 2, sin theta theorem",Single-angle sine theorem,unnumbered_theorem,published_result,result,proved_in_build,proved_exact,TauCeti.DavisKahan1970.sinTheta_real_exactPaper,dev/davis-kahan-1970-formalization-result-inventory.json
DK1970,S2-sin-theta,"Section 2, sin theta theorem",Single-angle sine theorem,unnumbered_theorem,published_result,result,proved_in_build,proved_exact,TauCeti.DavisKahan1970.generalizedSinTheta,dev/davis-kahan-1970-formalization-result-inventory.json
DK1970,S2-sin-theta,"Section 2, sin theta theorem",Single-angle sine theorem,unnumbered_theorem,published_result,result,proved_in_build,proved_exact,TauCeti.DavisKahan1970.generalizedSinTheta_real_exactPaper,dev/davis-kahan-1970-formalization-result-inventory.json
DK1970,S2-tan-theta,"Section 2, tan theta theorem",Single-angle tangent theorem,unnumbered_theorem,published_result,result,proved_in_build,proved_exact,TauCeti.DavisKahan1970.tanTheta_headline_generic_directed,dev/davis-kahan-1970-formalization-result-inventory.json
DK1970,S2-tan-theta,"Section 2, tan theta theorem",Single-angle tangent theorem,unnumbered_theorem,published_result,result,proved_in_build,proved_exact,TauCeti.DavisKahanTheory.partIII_tanTheta_ritzResidual_uiNorm,dev/davis-kahan-1970-formalization-result-inventory.json
DK1970,S2-tan-theta,"Section 2, tan theta theorem",Single-angle tangent theorem,unnumbered_theorem,published_result,result,proved_in_build,proved_exact,TauCeti.DavisKahan.Section2.theorem6_3_perturbation_infiniteTrial,dev/davis-kahan-1970-formalization-result-inventory.json
DK1970,S2-tan-theta,"Section 2, tan theta theorem",Single-angle tangent theorem,unnumbered_theorem,published_result,result,proved_in_build,proved_exact,TauCeti.DavisKahan1970.tanTheta_wholeSpace_paperUINorm,dev/davis-kahan-1970-formalization-result-inventory.json
DK1970,S2-tan-theta,"Section 2, tan theta theorem",Single-angle tangent theorem,unnumbered_theorem,published_result,result,proved_in_build,proved_exact,TauCeti.DavisKahan1970.tanTheta_wholeSpace_paperUINorm_real,dev/davis-kahan-1970-formalization-result-inventory.json
DK1970,S2-tan-theta,"Section 2, tan theta theorem",Single-angle tangent theorem,unnumbered_theorem,published_result,result,proved_in_build,proved_exact,TauCeti.DavisKahan1970.tanTheta_wholeSpace_paperUINorm_of_crossedDefectsEquivalent,dev/davis-kahan-1970-formalization-result-inventory.json
DK1970,S2-tan-theta,"Section 2, tan theta theorem",Single-angle tangent theorem,unnumbered_theorem,published_result,result,proved_in_build,proved_exact,TauCeti.DavisKahan1970.tanTheta_wholeSpace_paperUINorm_real_of_crossedDefectsEquivalent,dev/davis-kahan-1970-formalization-result-inventory.json
DK1970,S2-tan-theta,"Section 2, tan theta theorem",Single-angle tangent theorem,unnumbered_theorem,published_result,result,proved_in_build,proved_exact,TauCeti.DavisKahan1970.tanTheta_unbounded_ambient_paperUINorm_exact,dev/davis-kahan-1970-formalization-result-inventory.json
DK1970,S2-tan-theta,"Section 2, tan theta theorem",Single-angle tangent theorem,unnumbered_theorem,published_result,result,proved_in_build,proved_exact,TauCeti.DavisKahan1970.tanTheta_unbounded_ambient_paperUINorm_real_exact,dev/davis-kahan-1970-formalization-result-inventory.json
DK1970,S2-tan-theta,"Section 2, tan theta theorem",Single-angle tangent theorem,unnumbered_theorem,published_result,result,proved_in_build,proved_exact,TauCeti.DavisKahan1970.tanTheta_unboundedCompression_ambient_paperUINorm_exact,dev/davis-kahan-1970-formalization-result-inventory.json
DK1970,S2-tan-theta,"Section 2, tan theta theorem",Single-angle tangent theorem,unnumbered_theorem,published_result,result,proved_in_build,proved_exact,TauCeti.DavisKahan1970.tanTheta_unboundedCompression_ambient_paperUINorm_real_exact,dev/davis-kahan-1970-formalization-result-inventory.json
DK1970,S2-sin-two-theta,"Section 2, sin 2 theta theorem",Double-angle sine theorem,unnumbered_theorem,published_result,result,proved_in_build,proved_exact,TauCeti.DavisKahan1970.sinTwoTheta_headline_generic_directed,dev/davis-kahan-1970-formalization-result-inventory.json
DK1970,S2-sin-two-theta,"Section 2, sin 2 theta theorem",Double-angle sine theorem,unnumbered_theorem,published_result,result,proved_in_build,proved_exact,TauCeti.DavisKahan1970.sinTwoTheta_wholeSpace_paperUINorm,dev/davis-kahan-1970-formalization-result-inventory.json
DK1970,S2-sin-two-theta,"Section 2, sin 2 theta theorem",Double-angle sine theorem,unnumbered_theorem,published_result,result,proved_in_build,proved_exact,TauCeti.DavisKahan1970.sinTwoTheta_wholeSpace_paperUINorm_real,dev/davis-kahan-1970-formalization-result-inventory.json
DK1970,S2-sin-two-theta,"Section 2, sin 2 theta theorem",Double-angle sine theorem,unnumbered_theorem,published_result,result,proved_in_build,proved_exact,TauCeti.DavisKahan1970.unbounded_sinTwoTheta_uiNorm_representative,dev/davis-kahan-1970-formalization-result-inventory.json
DK1970,S2-sin-two-theta,"Section 2, sin 2 theta theorem",Double-angle sine theorem,unnumbered_theorem,published_result,result,proved_in_build,proved_exact,TauCeti.DavisKahan1970.unbounded_sinTwoTheta_residual_uiNorm_representative,dev/davis-kahan-1970-formalization-result-inventory.json
DK1970,S2-sin-two-theta,"Section 2, sin 2 theta theorem",Double-angle sine theorem,unnumbered_theorem,published_result,result,proved_in_build,proved_exact,TauCeti.DavisKahan1970.unbounded_sinTwoTheta_uiNorm_representative_real,dev/davis-kahan-1970-formalization-result-inventory.json
DK1970,S2-sin-two-theta,"Section 2, sin 2 theta theorem",Double-angle sine theorem,unnumbered_theorem,published_result,result,proved_in_build,proved_exact,TauCeti.DavisKahan1970.unbounded_sinTwoTheta_residual_uiNorm_representative_real,dev/davis-kahan-1970-formalization-result-inventory.json
DK1970,S2-sin-two-theta,"Section 2, sin 2 theta theorem",Double-angle sine theorem,unnumbered_theorem,published_result,result,proved_in_build,proved_exact,TauCeti.DavisKahan1970.sinTwoTheta_unbounded_directedResidual_paperUINorm,dev/davis-kahan-1970-formalization-result-inventory.json
DK1970,S2-sin-two-theta,"Section 2, sin 2 theta theorem",Double-angle sine theorem,unnumbered_theorem,published_result,result,proved_in_build,proved_exact,TauCeti.DavisKahan1970.sinTwoTheta_unbounded_directedResidual_paperUINorm_real,dev/davis-kahan-1970-formalization-result-inventory.json
DK1970,S2-sin-two-theta,"Section 2, sin 2 theta theorem",Double-angle sine theorem,unnumbered_theorem,published_result,result,proved_in_build,proved_exact,TauCeti.DavisKahan1970.sinTwoTheta_unbounded_directedResidual_paperUINorm_real_of_intervalExterior,dev/davis-kahan-1970-formalization-result-inventory.json
DK1970,S2-tan-two-theta,"Section 2, tan 2 theta theorem",Double-angle tangent theorem,unnumbered_theorem,published_result,result,proved_in_build,proved_exact,TauCeti.DavisKahan1970.tanTwoTheta_headline_generic,dev/davis-kahan-1970-formalization-result-inventory.json
DK1970,S2-tan-two-theta,"Section 2, tan 2 theta theorem",Double-angle tangent theorem,unnumbered_theorem,published_result,result,proved_in_build,proved_exact,TauCeti.DavisKahan1970.tanTwoTheta_directedCorner_residual_paperUINorm_exact,dev/davis-kahan-1970-formalization-result-inventory.json
DK1970,S2-tan-two-theta,"Section 2, tan 2 theta theorem",Double-angle tangent theorem,unnumbered_theorem,published_result,result,proved_in_build,proved_exact,TauCeti.DavisKahan1970.tanTwoTheta_directedCorner_residual_paperUINorm_real_exact,dev/davis-kahan-1970-formalization-result-inventory.json
DK1970,S2-tan-two-theta,"Section 2, tan 2 theta theorem",Double-angle tangent theorem,unnumbered_theorem,published_result,result,proved_in_build,proved_exact,TauCeti.DavisKahan1970.tanTwoTheta_wholeSpace_paperUINorm_exact,dev/davis-kahan-1970-formalization-result-inventory.json
DK1970,S2-tan-two-theta,"Section 2, tan 2 theta theorem",Double-angle tangent theorem,unnumbered_theorem,published_result,result,proved_in_build,proved_exact,TauCeti.DavisKahan1970.tanTwoTheta_wholeSpace_paperUINorm_real_exact,dev/davis-kahan-1970-formalization-result-inventory.json
DK1970,S2-tan-two-theta,"Section 2, tan 2 theta theorem",Double-angle tangent theorem,unnumbered_theorem,published_result,result,proved_in_build,proved_exact,TauCeti.DavisKahan1970.tanTwoTheta_unbounded_directedResidual_paperUINorm_exact,dev/davis-kahan-1970-formalization-result-inventory.json
DK1970,S2-tan-two-theta,"Section 2, tan 2 theta theorem",Double-angle tangent theorem,unnumbered_theorem,published_result,result,proved_in_build,proved_exact,TauCeti.DavisKahan1970.tanTwoTheta_unbounded_directedResidual_paperUINorm_real_exact,dev/davis-kahan-1970-formalization-result-inventory.json
DK1970,S2-tan-two-theta,"Section 2, tan 2 theta theorem",Double-angle tangent theorem,unnumbered_theorem,published_result,result,proved_in_build,proved_exact,TauCeti.DavisKahan1970.tanTwoTheta_unbounded_ambient_paperUINorm_exact,dev/davis-kahan-1970-formalization-result-inventory.json
DK1970,S2-tan-two-theta,"Section 2, tan 2 theta theorem",Double-angle tangent theorem,unnumbered_theorem,published_result,result,proved_in_build,proved_exact,TauCeti.DavisKahan1970.tanTwoTheta_unbounded_ambient_paperUINorm_real_exact,dev/davis-kahan-1970-formalization-result-inventory.json
DK1970,DK-3.1-prop,Proposition 3.1,Acute direct rotation existence and uniqueness,proposition,published_result,result,proved_in_build,proved_exact,TauCeti.DavisKahan1970.proposition3_1_source,dev/davis-kahan-1970-formalization-result-inventory.json
DK1970,DK-3.2-prop,Proposition 3.2,Nonacute existence criterion,proposition,published_result,result,proved_in_build,proved_exact,TauCeti.DavisKahan.Frontier.Section3.proposition3_2_exists_iff_crossedDefectsEquivalent,dev/davis-kahan-1970-formalization-result-inventory.json
DK1970,DK-3.2-prop,Proposition 3.2,Nonacute existence criterion,proposition,published_result,result,proved_in_build,proved_exact,TauCeti.DavisKahan.Frontier.Section3.proposition3_2_not_unique,dev/davis-kahan-1970-formalization-result-inventory.json
DK1970,DK-3.2-prop,Proposition 3.2,Nonacute existence criterion,proposition,published_result,result,proved_in_build,proved_exact,TauCeti.DavisKahan.Frontier.Section3.proposition3_2_exists_iff_crossedDefectsEquivalent_real,dev/davis-kahan-1970-formalization-result-inventory.json
DK1970,DK-3.2-prop,Proposition 3.2,Nonacute existence criterion,proposition,published_result,result,proved_in_build,proved_exact,TauCeti.DavisKahan.Frontier.Section3.proposition3_2_not_unique_real,dev/davis-kahan-1970-formalization-result-inventory.json
DK1970,DK-3.3-prop,Proposition 3.3,Principal square-root characterization,proposition,published_result,result,proved_in_build,proved_exact,TauCeti.DavisKahan1970.proposition3_3_complex_forward_source,dev/davis-kahan-1970-formalization-result-inventory.json
DK1970,DK-3.3-prop,Proposition 3.3,Principal square-root characterization,proposition,published_result,result,proved_in_build,proved_exact,TauCeti.DavisKahan1970.proposition3_3_complex_converse_source,dev/davis-kahan-1970-formalization-result-inventory.json
DK1970,DK-3.3-prop,Proposition 3.3,Principal square-root characterization,proposition,published_result,result,proved_in_build,proved_exact,TauCeti.DavisKahan1970.proposition3_3_real_forward_source,dev/davis-kahan-1970-formalization-result-inventory.json
DK1970,DK-3.3-prop,Proposition 3.3,Principal square-root characterization,proposition,published_result,result,proved_in_build,proved_exact,TauCeti.DavisKahan1970.proposition3_3_real_converse_source,dev/davis-kahan-1970-formalization-result-inventory.json
DK1970,DK-3.4-prop,Proposition 3.4,Square as a direct rotation,proposition,published_result,result,proved_in_build,proved_exact,TauCeti.DavisKahan1970.proposition3_4_source_full_complex,dev/davis-kahan-1970-formalization-result-inventory.json
DK1970,DK-3.4-prop,Proposition 3.4,Square as a direct rotation,proposition,published_result,result,proved_in_build,proved_exact,TauCeti.DavisKahan1970.proposition3_4_source_full_real,dev/davis-kahan-1970-formalization-result-inventory.json
DK1970,DK-3.4-prop,Proposition 3.4,Square as a direct rotation,proposition,published_result,result,proved_in_build,proved_exact,TauCeti.DavisKahan.Frontier.Section3.proposition3_4_source_full,dev/davis-kahan-1970-formalization-result-inventory.json
DK1970,DK-3.4-prop,Proposition 3.4,Square as a direct rotation,proposition,published_result,result,proved_in_build,proved_exact,TauCeti.DavisKahan.Frontier.Section3.proposition3_4_source_eq_directRotation,dev/davis-kahan-1970-formalization-result-inventory.json
DK1970,DK-3.1-thm,Theorem 3.1,Classification of pairs of subspaces,theorem,published_result,result,proved_in_build,proved_exact,TauCeti.DavisKahan.Frontier.Section3.theorem3_1_spectralMultiplicity_classification,dev/davis-kahan-1970-formalization-result-inventory.json
DK1970,DK-3.1-thm,Theorem 3.1,Classification of pairs of subspaces,theorem,published_result,result,proved_in_build,proved_exact,TauCeti.DavisKahan.Frontier.Section3.theorem3_1_realization,dev/davis-kahan-1970-formalization-result-inventory.json
DK1970,DK-3.1-thm,Theorem 3.1,Classification of pairs of subspaces,theorem,published_result,result,proved_in_build,proved_exact,TauCeti.DavisKahan.Frontier.Section3.theorem3_1_spectralMultiplicity_classification_real,dev/davis-kahan-1970-formalization-result-inventory.json
DK1970,DK-3.1-cor,Corollary 3.1,Compact classification by angle eigenvalues,corollary,published_result,result,proved_in_build,proved_exact,TauCeti.DavisKahan.Frontier.Section3.corollary3_1_compact_defectBlock_angleList_classification,dev/davis-kahan-1970-formalization-result-inventory.json
DK1970,DK-3.1-cor,Corollary 3.1,Compact classification by angle eigenvalues,corollary,published_result,result,proved_in_build,proved_exact,TauCeti.DavisKahan.Frontier.Section3.corollary3_1_compact_classification_real,dev/davis-kahan-1970-formalization-result-inventory.json
DK1970,DK-3.1-cor,Corollary 3.1,Compact classification by angle eigenvalues,corollary,published_result,result,proved_in_build,proved_exact,TauCeti.DavisKahan.Frontier.Section3.corollary3_1_realization,dev/davis-kahan-1970-formalization-result-inventory.json
DK1970,DK-3.5-prop,Proposition 3.5,Angle commutation and eigenspace geometry,proposition,published_result,result,proved_in_build,proved_exact,TauCeti.DavisKahan1970.proposition3_5_commutations,dev/davis-kahan-1970-formalization-result-inventory.json
DK1970,DK-3.5-prop,Proposition 3.5,Angle commutation and eigenspace geometry,proposition,published_result,result,proved_in_build,proved_exact,TauCeti.DavisKahan1970.proposition3_5_eigenvector_angle,dev/davis-kahan-1970-formalization-result-inventory.json
DK1970,DK-3.5-prop,Proposition 3.5,Angle commutation and eigenspace geometry,proposition,published_result,result,proved_in_build,proved_exact,TauCeti.DavisKahan1970.proposition3_5_angleEigenspace_eq_fixedCosineSubspace,dev/davis-kahan-1970-formalization-result-inventory.json
DK1970,DK-3.5-prop,Proposition 3.5,Angle commutation and eigenspace geometry,proposition,published_result,result,proved_in_build,proved_exact,TauCeti.DavisKahan1970.proposition3_5_angleEigenspace_uniqueMaximal,dev/davis-kahan-1970-formalization-result-inventory.json
DK1970,DK-3.5-prop,Proposition 3.5,Angle commutation and eigenspace geometry,proposition,published_result,result,proved_in_build,proved_exact,TauCeti.DavisKahan1970.proposition3_5_commutations_acute,dev/davis-kahan-1970-formalization-result-inventory.json
DK1970,DK-3.5-prop,Proposition 3.5,Angle commutation and eigenspace geometry,proposition,published_result,result,proved_in_build,proved_exact,TauCeti.DavisKahan1970.proposition3_5_eigenvector_angle_acute,dev/davis-kahan-1970-formalization-result-inventory.json
DK1970,DK-3.5-prop,Proposition 3.5,Angle commutation and eigenspace geometry,proposition,published_result,result,proved_in_build,proved_exact,TauCeti.DavisKahan.Proposition35.vectorAngle_nonacuteDirectRotation_eq_of_angleOperator_apply,dev/davis-kahan-1970-formalization-result-inventory.json
DK1970,DK-3.2-cor,Corollary 3.2,Reversal symmetry,corollary,published_result,result,proved_in_build,proved_exact,TauCeti.DavisKahan1970.corollary3_2_source,dev/davis-kahan-1970-formalization-result-inventory.json
DK1970,DK-3.2-cor,Corollary 3.2,Reversal symmetry,corollary,published_result,result,proved_in_build,proved_exact,TauCeti.DavisKahan1970.corollary3_2_paperQuarterTurn_symm,dev/davis-kahan-1970-formalization-result-inventory.json
DK1970,DK-3.2-cor,Corollary 3.2,Reversal symmetry,corollary,published_result,result,proved_in_build,proved_exact,TauCeti.DavisKahan1970.corollary3_2_nonacute_directRotation_resolution,dev/davis-kahan-1970-formalization-result-inventory.json
DK1970,DK-3.2-cor,Corollary 3.2,Reversal symmetry,corollary,published_result,result,proved_in_build,proved_exact,TauCeti.DavisKahan1970.complex_directRotation_reversal,dev/davis-kahan-1970-formalization-result-inventory.json
DK1970,DK-3.2-cor,Corollary 3.2,Reversal symmetry,corollary,published_result,result,proved_in_build,proved_exact,TauCeti.DavisKahan1970.real_directRotation_reversal,dev/davis-kahan-1970-formalization-result-inventory.json
DK1970,DK-3.2-cor,Corollary 3.2,Reversal symmetry,corollary,published_result,result,proved_in_build,proved_exact,TauCeti.DavisKahan.Frontier.Section3.corollary3_2_reversal_source_form,dev/davis-kahan-1970-formalization-result-inventory.json
DK1970,DK-4.1-prop,Proposition 4.1,Pointwise and singular-value extremality of the direct rotation,proposition,published_result,result,proved_in_build,proved_exact,TauCeti.DavisKahan1970.Proposition4_1_compact_nonacute,dev/davis-kahan-1970-formalization-result-inventory.json
DK1970,DK-4.1-prop,Proposition 4.1,Pointwise and singular-value extremality of the direct rotation,proposition,published_result,result,proved_in_build,proved_exact,TauCeti.DavisKahan1970.Proposition4_1_compact_nonacute_real,dev/davis-kahan-1970-formalization-result-inventory.json
DK1970,DK-4.1-prop,Proposition 4.1,Pointwise and singular-value extremality of the direct rotation,proposition,published_result,result,proved_in_build,proved_exact,TauCeti.DavisKahan1970.Proposition4_1_compact_nonacute_directRotationValues,dev/davis-kahan-1970-formalization-result-inventory.json
DK1970,DK-4.1-prop,Proposition 4.1,Pointwise and singular-value extremality of the direct rotation,proposition,published_result,result,proved_in_build,proved_exact,TauCeti.DavisKahan1970.Proposition4_1_compact_nonacute_directRotationValues_real,dev/davis-kahan-1970-formalization-result-inventory.json
DK1970,DK-4.1-cor,Corollary 4.1,UI-norm minimality of direct rotation displacement,corollary,published_result,result,proved_in_build,proved_exact,TauCeti.DavisKahan1970.Corollary4_1_compact_nonacute,dev/davis-kahan-1970-formalization-result-inventory.json
DK1970,DK-4.1-cor,Corollary 4.1,UI-norm minimality of direct rotation displacement,corollary,published_result,result,proved_in_build,proved_exact,TauCeti.DavisKahan1970.Corollary4_1_compact_nonacute_real,dev/davis-kahan-1970-formalization-result-inventory.json
DK1970,DK-4.1-cor,Corollary 4.1,UI-norm minimality of direct rotation displacement,corollary,published_result,result,proved_in_build,proved_exact,TauCeti.DavisKahan1970.Corollary4_1_infiniteDimensional_nonacute,dev/davis-kahan-1970-formalization-result-inventory.json
DK1970,DK-4.2-prop,Proposition 4.2,Basis-angle square-sum extremality,proposition,published_result,result,proved_in_build,proved_exact,TauCeti.DavisKahan1970.Proposition4_2_infiniteDimensional,dev/davis-kahan-1970-formalization-result-inventory.json
DK1970,DK-4.2-prop,Proposition 4.2,Basis-angle square-sum extremality,proposition,published_result,result,proved_in_build,proved_exact,TauCeti.DavisKahan1970.tsum_displacementAngleSineSqR_ge_tsum_sq_sin_principalAngleSequence,dev/davis-kahan-1970-formalization-result-inventory.json
DK1970,DK-4.3-prop,Proposition 4.3,Squared displacement UI-norm minimality,proposition,published_result,result,proved_in_build,proved_exact,TauCeti.DavisKahan1970.Proposition4_3_compact_nonacute_idealGauge,dev/davis-kahan-1970-formalization-result-inventory.json
DK1970,DK-4.3-prop,Proposition 4.3,Squared displacement UI-norm minimality,proposition,published_result,result,proved_in_build,proved_exact,TauCeti.DavisKahan1970.Proposition4_3_compact_nonacute_real_idealGauge,dev/davis-kahan-1970-formalization-result-inventory.json
DK1970,DK-4.4-prop,Proposition 4.4,Full-displacement counterexamples and Proposition 4.4 as printed,proposition,published_result,result,proved_in_build,refuted_as_transcribed,TauCeti.DavisKahanTheory.DavisKahanProposition4_4_Finite,dev/davis-kahan-1970-formalization-result-inventory.json
DK1970,DK-4.4-prop,Proposition 4.4,Full-displacement counterexamples and Proposition 4.4 as printed,proposition,published_result,result,proved_in_build,refuted_as_transcribed,TauCeti.DavisKahanTheory.not_davisKahanProposition4_4_Finite,dev/davis-kahan-1970-formalization-result-inventory.json
DK1970,DK-4.4-prop,Proposition 4.4,Full-displacement counterexamples and Proposition 4.4 as printed,proposition,published_result,result,proved_in_build,refuted_as_transcribed,TauCeti.DavisKahanTheory.shortRotation_fullDisplacement_refuted,dev/davis-kahan-1970-formalization-result-inventory.json
DK1970,DK-5.1-thm,Theorem 5.1,Banach-space Sylvester lower bound,theorem,published_result,result,proved_in_build,proved_exact,TauCeti.DavisKahan1970.banach_sylvester_lower_bound_uiNorm,dev/davis-kahan-1970-formalization-result-inventory.json
DK1970,DK-5.1-thm,Theorem 5.1,Banach-space Sylvester lower bound,theorem,published_result,result,proved_in_build,proved_exact,TauCeti.DavisKahan1970.banach_sylvester_lower_bound_exact,dev/davis-kahan-1970-formalization-result-inventory.json
DK1970,DK-5.2-thm,Theorem 5.2,Semibounded self-adjoint Sylvester theorem,theorem,published_result,result,proved_in_build,proved_exact,TauCeti.DavisKahan1970.Theorem5_2,dev/davis-kahan-1970-formalization-result-inventory.json
DK1970,DK-5.2-thm,Theorem 5.2,Semibounded self-adjoint Sylvester theorem,theorem,published_result,result,proved_in_build,proved_exact,TauCeti.DavisKahan.ExactSinTheta.davisKahan1970_sylvester_real,dev/davis-kahan-1970-formalization-result-inventory.json
DK1970,DK-5.1-lem,Lemma 5.1,Strong-cutoff convergence of singular values,lemma,published_result,result,proved_in_build,proved_exact,TauCeti.DavisKahan1970.Lemma5_1,dev/davis-kahan-1970-formalization-result-inventory.json
DK1970,DK-6.1-lem,Lemma 6.1,Direct-sum UI-norm comparison and converse,lemma,published_result,result,proved_in_build,proved_exact,TauCeti.DavisKahan1970.lemma6_1,dev/davis-kahan-1970-formalization-result-inventory.json
DK1970,DK-6.1-lem,Lemma 6.1,Direct-sum UI-norm comparison and converse,lemma,published_result,result,proved_in_build,proved_exact,TauCeti.DavisKahan1970.lemma6_1_converse,dev/davis-kahan-1970-formalization-result-inventory.json
DK1970,DK-6.2-lem,Lemma 6.2,Reflection-pinch contraction,lemma,published_result,result,proved_in_build,proved_exact,TauCeti.DavisKahan1970.lemma6_2,dev/davis-kahan-1970-formalization-result-inventory.json
DK1970,DK-6.1-prop,Proposition 6.1,"Sine proof, ambient limitation, and symmetric sine theorem",proposition,published_result,result,proved_in_build,proved_exact,TauCeti.DavisKahan1970.Proposition6_1,dev/davis-kahan-1970-formalization-result-inventory.json
DK1970,DK-6.1-prop,Proposition 6.1,"Sine proof, ambient limitation, and symmetric sine theorem",proposition,published_result,result,proved_in_build,proved_exact,TauCeti.DavisKahan1970.Proposition6_1_real,dev/davis-kahan-1970-formalization-result-inventory.json
DK1970,DK-6.1-thm,Theorem 6.1,Generalized sine theorem,theorem,published_result,result,proved_in_build,proved_exact,TauCeti.DavisKahan1970.Theorem6_1,dev/davis-kahan-1970-formalization-result-inventory.json
DK1970,DK-6.1-thm,Theorem 6.1,Generalized sine theorem,theorem,published_result,result,proved_in_build,proved_exact,TauCeti.DavisKahan1970.Theorem6_1_real,dev/davis-kahan-1970-formalization-result-inventory.json
DK1970,DK-6.1-thm,Theorem 6.1,Generalized sine theorem,theorem,published_result,result,proved_in_build,proved_exact,TauCeti.DavisKahan1970.Theorem6_1_real_commonDomain,dev/davis-kahan-1970-formalization-result-inventory.json
DK1970,DK-6.1-thm,Theorem 6.1,Generalized sine theorem,theorem,published_result,result,proved_in_build,proved_exact,TauCeti.DavisKahan1970.Theorem6_1_real_commonCore,dev/davis-kahan-1970-formalization-result-inventory.json
DK1970,DK-6.2-thm,Theorem 6.2,Pairwise-gap square-norm sine theorem,theorem,published_result,result,proved_in_build,proved_exact,TauCeti.DavisKahan1970.Theorem6_2,dev/davis-kahan-1970-formalization-result-inventory.json
DK1970,DK-6.2-thm,Theorem 6.2,Pairwise-gap square-norm sine theorem,theorem,published_result,result,proved_in_build,proved_exact,TauCeti.DavisKahan1970.Theorem6_2_real,dev/davis-kahan-1970-formalization-result-inventory.json
DK1970,DK-6.3-thm,Theorem 6.3,"Tangent proof machinery, Example 6.1, and generalized tangent theorem",theorem,published_result,result,proved_in_build,proved_exact,TauCeti.DavisKahan.ExactTanTheta.theorem6_3_unbounded_infiniteTrial_ideal_exists,dev/davis-kahan-1970-formalization-result-inventory.json
DK1970,DK-6.3-thm,Theorem 6.3,"Tangent proof machinery, Example 6.1, and generalized tangent theorem",theorem,published_result,result,proved_in_build,proved_exact,TauCeti.DavisKahan1970.theorem6_3_unbounded_infiniteTrial_ideal_exists_real,dev/davis-kahan-1970-formalization-result-inventory.json
DK1970,DK-6.3-thm,Theorem 6.3,"Tangent proof machinery, Example 6.1, and generalized tangent theorem",theorem,published_result,result,proved_in_build,proved_exact,TauCeti.DavisKahan1970.tanTheta_directed_paperUINorm_spectral,dev/davis-kahan-1970-formalization-result-inventory.json
DK1970,DK-6.3-thm,Theorem 6.3,"Tangent proof machinery, Example 6.1, and generalized tangent theorem",theorem,published_result,result,proved_in_build,proved_exact,TauCeti.DavisKahan1970.tanTheta_directed_paperUINorm_real_spectral,dev/davis-kahan-1970-formalization-result-inventory.json
DK1970,DK-6.3-lem,Lemma 6.3,Finite-rank near-maximizer leakage estimate,lemma,published_result,result,proved_in_build,proved_exact,TauCeti.DavisKahan.Frontier.Section6Appendix.lemma6_3_approximationNumber_leakage,dev/davis-kahan-1970-formalization-result-inventory.json
DK1970,DK-6.3-lem,Lemma 6.3,Finite-rank near-maximizer leakage estimate,lemma,published_result,result,proved_in_build,proved_exact,TauCeti.DavisKahan.Frontier.Section6Appendix.lemma6_3_singularValue_leakage,dev/davis-kahan-1970-formalization-result-inventory.json
DK1970,DK-6.3-lem,Lemma 6.3,Finite-rank near-maximizer leakage estimate,lemma,published_result,result,proved_in_build,proved_exact,TauCeti.DavisKahan.Frontier.Section6Appendix.lemma6_3_approximationNumber_leakage_real,dev/davis-kahan-1970-formalization-result-inventory.json
DK1970,DK-8.1-thm,Theorem 8.1,Branch selection and spectral repulsion,theorem,published_result,result,proved_in_build,proved_exact,TauCeti.DavisKahan1970.Section8.theorem8_1_canonicalBranch,dev/davis-kahan-1970-formalization-result-inventory.json
DK1970,DK-8.1-thm,Theorem 8.1,Branch selection and spectral repulsion,theorem,published_result,result,proved_in_build,proved_exact,TauCeti.DavisKahan1970.Section8.theorem8_1_maximalAngle_le_iff_spectrumIn,dev/davis-kahan-1970-formalization-result-inventory.json
DK1970,DK-8.1-thm,Theorem 8.1,Branch selection and spectral repulsion,theorem,published_result,result,proved_in_build,proved_exact,TauCeti.DavisKahan1970.Section8.theorem8_1_canonicalBranch_real,dev/davis-kahan-1970-formalization-result-inventory.json
DK1970,DK-8.1-thm,Theorem 8.1,Branch selection and spectral repulsion,theorem,published_result,result,proved_in_build,proved_exact,TauCeti.DavisKahan1970.Section8.theorem8_1_maximalAngle_le_iff_spectrumIn_real,dev/davis-kahan-1970-formalization-result-inventory.json
DK1970,DK-8.1-thm,Theorem 8.1,Branch selection and spectral repulsion,theorem,published_result,result,proved_in_build,proved_exact,TauCeti.DavisKahan1970.Section8.theorem8_1_upperCompressionRepulsion_source,dev/davis-kahan-1970-formalization-result-inventory.json
DK1970,DK-8.1-thm,Theorem 8.1,Branch selection and spectral repulsion,theorem,published_result,result,proved_in_build,proved_exact,TauCeti.DavisKahan1970.Section8.theorem8_1_lowerCompressionRepulsion_source,dev/davis-kahan-1970-formalization-result-inventory.json
DK1970,DK-8.1-thm,Theorem 8.1,Branch selection and spectral repulsion,theorem,published_result,result,proved_in_build,proved_exact,TauCeti.DavisKahan1970.Section8.theorem8_1_upperCompressionRepulsion_real,dev/davis-kahan-1970-formalization-result-inventory.json
DK1970,DK-8.1-thm,Theorem 8.1,Branch selection and spectral repulsion,theorem,published_result,result,proved_in_build,proved_exact,TauCeti.DavisKahan1970.Section8.theorem8_1_lowerCompressionRepulsion_real,dev/davis-kahan-1970-formalization-result-inventory.json
DK1970,DK-8.1-thm,Theorem 8.1,Branch selection and spectral repulsion,theorem,published_result,result,proved_in_build,proved_exact,TauCeti.DavisKahan1970.Section8.theorem8_1_upperApproximationRepulsion_source,dev/davis-kahan-1970-formalization-result-inventory.json
DK1970,DK-8.1-thm,Theorem 8.1,Branch selection and spectral repulsion,theorem,published_result,result,proved_in_build,proved_exact,TauCeti.DavisKahan1970.Section8.theorem8_1_lowerApproximationRepulsion_source,dev/davis-kahan-1970-formalization-result-inventory.json
DK1970,DK-8.1-thm,Theorem 8.1,Branch selection and spectral repulsion,theorem,published_result,result,proved_in_build,proved_exact,TauCeti.DavisKahan1970.Section8.theorem8_1_upperApproximationRepulsion_real,dev/davis-kahan-1970-formalization-result-inventory.json
DK1970,DK-8.1-thm,Theorem 8.1,Branch selection and spectral repulsion,theorem,published_result,result,proved_in_build,proved_exact,TauCeti.DavisKahan1970.Section8.theorem8_1_lowerApproximationRepulsion_real,dev/davis-kahan-1970-formalization-result-inventory.json
DK1970,DK-8.1-thm,Theorem 8.1,Branch selection and spectral repulsion,theorem,published_result,result,proved_in_build,proved_exact,TauCeti.DavisKahan1970.Section8.approximationNumber_eq_eigenvalues_of_isPositive,dev/davis-kahan-1970-formalization-result-inventory.json
DK1970,DK-8.1-thm,Theorem 8.1,Branch selection and spectral repulsion,theorem,published_result,result,proved_in_build,proved_exact,TauCeti.DavisKahan1970.Section8.theorem8_1_upperSymmetricGaugeRepulsion_angle_rev_source,dev/davis-kahan-1970-formalization-result-inventory.json
DK1970,DK-8.1-thm,Theorem 8.1,Branch selection and spectral repulsion,theorem,published_result,result,proved_in_build,proved_exact,TauCeti.DavisKahan1970.Section8.theorem8_1_lowerSymmetricGaugeRepulsion_angle_rev_source,dev/davis-kahan-1970-formalization-result-inventory.json
DK1970,DK-8.1-thm,Theorem 8.1,Branch selection and spectral repulsion,theorem,published_result,result,proved_in_build,proved_exact,TauCeti.DavisKahan1970.Section8.theorem8_1_upperSymmetricGaugeRepulsion_angle_rev_real,dev/davis-kahan-1970-formalization-result-inventory.json
DK1970,DK-8.1-thm,Theorem 8.1,Branch selection and spectral repulsion,theorem,published_result,result,proved_in_build,proved_exact,TauCeti.DavisKahan1970.Section8.theorem8_1_lowerSymmetricGaugeRepulsion_angle_rev_real,dev/davis-kahan-1970-formalization-result-inventory.json
DK1970,DK-8.2-thm,Theorem 8.2,Smallness selects the acute branch,theorem,published_result,result,proved_in_build,proved_exact,TauCeti.DavisKahan1970.Section8.theorem8_2_branch_source_directed,dev/davis-kahan-1970-formalization-result-inventory.json
DK1970,DK-8.2-thm,Theorem 8.2,Smallness selects the acute branch,theorem,published_result,result,proved_in_build,proved_exact,TauCeti.DavisKahan1970.Section8.theorem8_2_sinTwoTheta_perturbation_source_paperUINorm,dev/davis-kahan-1970-formalization-result-inventory.json
DK1970,DK-8.2-thm,Theorem 8.2,Smallness selects the acute branch,theorem,published_result,result,proved_in_build,proved_exact,TauCeti.DavisKahan1970.Section8.theorem8_2_sinTwoTheta_residual_source_paperUINorm,dev/davis-kahan-1970-formalization-result-inventory.json
DK1970,DK-8.2-thm,Theorem 8.2,Smallness selects the acute branch,theorem,published_result,result,proved_in_build,proved_exact,TauCeti.DavisKahan1970.Section8.theorem8_2_branch_source_directed_real,dev/davis-kahan-1970-formalization-result-inventory.json
DK1970,DK-8.2-thm,Theorem 8.2,Smallness selects the acute branch,theorem,published_result,result,proved_in_build,proved_exact,TauCeti.DavisKahan1970.Section8.theorem8_2_sinTwoTheta_perturbation_source_real_paperUINorm,dev/davis-kahan-1970-formalization-result-inventory.json
DK1970,DK-8.2-thm,Theorem 8.2,Smallness selects the acute branch,theorem,published_result,result,proved_in_build,proved_exact,TauCeti.DavisKahan.Frontier.Section8.theorem8_2_sinTwoTheta_residual_source_real_paperUINorm,dev/davis-kahan-1970-formalization-result-inventory.json
DK1970,DK-8.2-thm,Theorem 8.2,Smallness selects the acute branch,theorem,published_result,result,proved_in_build,proved_exact,TauCeti.DavisKahan1970.Section8.theorem8_2_branch_source_maximalAngle_lt_of_crossedDefects,dev/davis-kahan-1970-formalization-result-inventory.json
DK1970,DK-8.2-thm,Theorem 8.2,Smallness selects the acute branch,theorem,published_result,result,proved_in_build,proved_exact,TauCeti.DavisKahan1970.Section8.theorem8_2_branch_source_real_maximalAngle_lt_of_crossedDefects,dev/davis-kahan-1970-formalization-result-inventory.json
