repository,commit,scope_relation,ledger_rows,turns,input_tokens,cache_write_tokens,cache_read_tokens,output_tokens,billable_input_tokens
aiq-dkps-formalization,519c4c62221beec113131d9396a7008db1abf0c7,primary_repository_not_in_included_history,1,3,6,11474,1340066,8026,1351546
aiq-dkps-formalization,47b5b7ec4aa63be1a124ba6276614b3f1e3439d9,primary_repository_not_in_included_history,1,11,22,22507,6319573,15364,6342102
aiq-dkps-formalization,93745e86a8d64ef923cf5c811b38a859f2664e07,primary_repository_not_in_included_history,1,6,12,12988,4021977,8085,4034977
aiq-dkps-formalization,e127af0e317894cb743c9b56e65e85b2642c5e52,primary_repository_not_in_included_history,1,8,16,699455,4973993,19444,5673464
aiq-gpu-docs,889db9c87ceeae9e97e3dcaa5cc4016a0350405c,cross_repository_in_program,1,21,39,86128,1328059,15577,1414226
aiq-gpu-docs,1527724af4855db798a97ee0f25e335bbacda780,cross_repository_in_program,1,12,22,13719,1255906,10734,1269647
aiq-gpu-docs,26d2130adeaa24301c84e4bd095f993e1f9faa0e,cross_repository_in_program,1,11,21,22022,1336280,16030,1358323
aiq-gpu-docs,c70ecb9fb3347f0a0d3bdb06b58cdd586d096430,cross_repository_in_program,1,19,38,30611,2881178,18167,2911827
aiq-gpu-docs,2d9049284e3e156cd887d6d1b49e5614c8b0ac27,cross_repository_in_program,1,5,10,7786,850712,4559,858508
aiq-gpu-docs,5a01018478e2679eb8778130c78744ade70a9393,cross_repository_in_program,1,13,26,19326,2375490,11891,2394842
aiq-gpu-docs,ba0e5a58d58dbe50329d8141e07e25b637cd4bff,cross_repository_in_program,1,5,10,5327,991848,4434,997185
aiq-gpu-docs,b38efde57d24104485528ad7b33d914f146c3512,cross_repository_in_program,1,18,36,30891,3887576,17108,3918503
aiq-gpu-docs,3cd22b1b2c057d5691b0f5b566d3f6fd039f100d,cross_repository_in_program,1,9,18,11897,2145351,9772,2157266
aiq-gpu-docs,d39b92755b51c658c2466ccae34f4d256e242f59,cross_repository_in_program,1,8,16,13820,1993766,5890,2007602
aiq-gpu-docs,f06a95727e60932bc16e240b84bd56b96b5951de,cross_repository_in_program,1,17,34,40972,4709044,15188,4750050
aiq-gpu-docs,1e326217487eba2c60287c455ab9d32305cfe94c,cross_repository_in_program,1,13,26,15639,3980507,10477,3996172
aiq-gpu-docs,011265db7e35853cd1d370f92ee040cb3885f2c4,cross_repository_in_program,1,10,20,24933,3246365,14837,3271318
aiq-gpu-docs,e79bb6d47caa29f4deacbcf69b5b4208ca89a847,cross_repository_in_program,1,5,10,7474,1713623,4576,1721107
aiq-gpu-docs,1d6b12c2e53bd6a1938f9e8e1e82a880b9e6503c,cross_repository_in_program,1,2,4,5212,694583,2397,699799
aiq-gpu-docs,260974d9002f62fc47f5555a8786ef8c51ae8a40,cross_repository_in_program,1,17,34,30057,6259818,16226,6289909
aiq-gpu-docs,d5bd5231f7f0839e9aea6e2ba94fe5bd9e35419e,cross_repository_in_program,1,30,60,71523,12574674,50376,12646257
aiq-gpu-docs,92e4095b66cf792a9dd66455f294bc7bb338261c,cross_repository_in_program,1,6,12,15335,2748243,7581,2763590
aiq-gpu-docs,cfd166bd8aa09db40624e1177f5e67179e4e65cd,cross_repository_in_program,1,15,30,476534,6769361,13582,7245925
aiq-gpu-docs,178b835e13abbf9499fa9c66d9bbf173421aeb02,cross_repository_in_program,1,14,28,20153,7017354,16028,7037535
aiq-gpu-docs,2f9c4b588ef135d77f11ed9ca966aae06048e1f8,cross_repository_in_program,1,22,44,40939,11707115,29253,11748098
aiq-gpu-docs,f5d698e5fb7e63be8bf380f15f582217539ada45,cross_repository_in_program,1,2,4,3104,1112797,1776,1115905
aiq-gpu-docs,1f20688c4205cc68d3940b2d0ac0d6e1e95f60be,cross_repository_in_program,1,17,34,28073,9705490,18622,9733597
aiq-gpu-docs,bbf5e432afe3f09096d6b0f3a3a0fd6ce1e758ed,cross_repository_in_program,1,6,12,13011,3561949,5952,3574972
aiq-gpu-docs,34200f81cadad803658a768a7771aa62169de9d4,cross_repository_in_program,1,6,12,10158,3622933,7893,3633103
aiq-gpu-docs,be556499137d4ee4943a1a7bed4d51b979f68ff6,cross_repository_in_program,1,11,22,32603,6891416,11096,6924041
aiq-gpu-docs,815167a241a36d5e4a3de833b5a218b55082844f,cross_repository_in_program,1,5,10,11427,3254258,7734,3265695
aiq-gpu-docs,f7a46d4bb9b475a82190e609009f057230d75833,cross_repository_in_program,1,9,18,24314,6014998,14711,6039330
aiq-gpu-docs,e90092238b4d70c1e68a55f99518b14fb5870a7d,cross_repository_in_program,1,10,20,50997,6974734,18299,7025751
aiq-gpu-docs,14e64a1369f79bbcfde21991bf1173c31367627d,cross_repository_in_program,1,10,20,23165,7421190,12454,7444375
aiq-gpu-docs,57367df9cef28d126b20be7066bec71259324755,cross_repository_in_program,1,6,12,16937,4572786,9604,4589735
aiq-gpu-docs,3bc2a2d99f131ce85a3f2aa5e7a0f59533883331,cross_repository_in_program,1,5,10,16614,3900711,9307,3917335
aiq-gpu-docs,621407cc1e687e866a0899047db85d89e4c94415,cross_repository_in_program,1,5,10,12432,3973323,8298,3985765
aiq-gpu-docs,256ed8a0df0c9275eec38a401623778476dad125,cross_repository_in_program,1,32,64,51099,26522078,34137,26573241
aiq-gpu-docs,787f7fd789f64a422910d06be9b58e4e7b2cc116,cross_repository_in_program,1,4,8,8107,3423934,3482,3432049
aiq-gpu-docs,e6442c11e648ec71c5f830408992b81965757047,cross_repository_in_program,1,16,30,26176,13942681,20502,13968887
aiq-gpu-docs,240b6073eea4a5bb30ac1a85795742cd2810aacd,cross_repository_in_program,1,32,59,929454,28672177,36501,29601690
aiq-gpu-docs,18e6340bf3fc9f0d93165b6ef701b43ae1f9e65f,cross_repository_in_program,1,15,28,963200,13535288,15804,14498516
aiq-gpu-docs,4033887722379fb2971cc5c10585d1da6f1ec0c3,cross_repository_in_program,1,3,5,966971,1980455,1647,2947431
aiq-gpu-docs,569fe6d33e2fda6bac5104d13fdbf2420204ad13,cross_repository_in_program,1,3,6,3275,2957390,4880,2960671
aiq-gpu-docs,77725319c1babea5d6a2f05e80782144828546a1,cross_repository_in_program,1,3,5,6393,2970826,1350,2977224
aiq-gpu-docs,43aa39b38325ce2be307bfbb90bd9b192d07e599,cross_repository_in_program,1,9,18,36534,4227078,7602,4263630
aiq-gpu-docs,e407a836aa85587702cf2caf95095d00930800a4,cross_repository_in_program,1,18,33,31400,1334808,19364,1366241
aiq-gpu-docs,96418cf434f0b41584d6c18d1fd2b26411e8e02d,cross_repository_in_program,1,10,18,22464,983419,12172,1005901
aiq-gpu-docs,3f1635e690258e183579808a4371e85cb048d8fb,cross_repository_in_program,1,7,13,12832,820101,6262,832946
aiq-gpu-docs,4343ba190352021f596c241bc69b4b11d8f45b6e,cross_repository_in_program,1,15,28,132135,1923058,17124,2055221
aiq-gpu-docs,64ced75829cc771d7e4cd195c4d2b5f0a255567a,cross_repository_in_program,1,10,18,10395,1575045,7798,1585458
aiq-gpu-docs,6b460de41d6a32fe6d7bfc142489dcf9f1818b3f,cross_repository_in_program,1,20,38,31792,3560812,16638,3592642
aiq-gpu-docs,7a38bd3645eaf0a70a79cf0fc0cb8841aeed4d49,cross_repository_in_program,1,8,14,11197,1615303,8876,1626514
aiq-gpu-docs,6640466a51fad6ac066a7becf514db219c6128f6,cross_repository_in_program,1,4,8,6597,839096,5135,845701
aiq-gpu-docs,434b7ed4ccba30fbcb44ff2304013d62640f6a82,cross_repository_in_program,1,13,24,19514,2899770,15216,2919308
aiq-gpu-docs,b24d705e086b115eff9d2d24200909483d96089b,cross_repository_in_program,1,4,7,9079,946087,7976,955173
aiq-gpu-docs,db05bf041beb5e4e1a4553f0ee0d643de69f1bff,cross_repository_in_program,1,10,19,7507,2471477,6736,2479003
aiq-gpu-docs,531c2bb5a9ed9922fb4e93940f72fab2a99a4f7f,cross_repository_in_program,2,50,92,556306,12818610,32202,13375008
aiq-gpu-docs,864bc60b40763464f0d4eb6dbf09aeabade563a1,cross_repository_in_program,2,6,12,7606,1685094,3790,1692712
aiq-gpu-docs,684eb9fff69d22d1b8dc7eb93546ff6063c7d9a0,cross_repository_in_program,2,4,6,1430,1132300,1962,1133736
aiq-gpu-docs,8dec8bcf4b39e8d6da727b690e956fced2ea8738,cross_repository_in_program,2,2,4,1654,567420,2196,569078
aiq-gpu-docs,8684aade2edfedb59ce408516c788139085b0212,cross_repository_in_program,2,36,66,40246,10634070,26196,10674382
aiq-gpu-docs,3961b7ff42b7be84223040b94ec2b61f95664743,cross_repository_in_program,2,14,26,13334,4303768,11336,4317128
aiq-gpu-docs,f2961b633bcc3d0c7ba6797268071c530cd4c974,cross_repository_in_program,2,6,12,9762,1878786,4244,1888560
aiq-gpu-docs,5772cccdf1570dc73fd357e457481a7ab12f9511,cross_repository_in_program,2,16,30,19206,5140560,9838,5159796
aiq-gpu-docs,f4b86259389f098da6993ae7573635c2f9928df9,cross_repository_in_program,3,69,126,76890,23485341,50931,23562357
aiq-gpu-docs,d390701e50b2a7ff0ce4e83a8f1671a4f8504f53,cross_repository_in_program,3,81,150,81846,29744409,56082,29826405
aiq-gpu-docs,16d74254eb970b99b2528d7103a5f3ccfab0ad59,cross_repository_in_program,1,10,19,10655,3870881,7343,3881555
aiq-gpu-docs,6bf6a94777dbc0d907d97e72843c6685106cc50b,cross_repository_in_program,1,3,6,1801,1181714,1405,1183521
aiq-gpu-docs,7c1347fbe3d7e485231f687f4e538935a0518307,cross_repository_in_program,1,77,143,81419,33923748,49957,34005310
aiq-gpu-docs,706c2617ac0c31d185c73bd17a6fb4e25bc9956d,cross_repository_in_program,1,2,4,4045,965868,2397,969917
aiq-gpu-docs,800c0811e3a1e521ad5564e858b0b2573d7409a5,cross_repository_in_program,1,29,54,27989,14523788,17592,14551831
aiq-gpu-docs,a9116dc9b3d791f1b3fe47ef936ea7f5869981fd,cross_repository_in_program,1,7,13,8424,3635616,5709,3644053
aiq-gpu-docs,ee703ae07c564553845147db0d7b0ea47c4dbed1,cross_repository_in_program,1,2,4,1172,1049940,1080,1051116
aiq-gpu-docs,ef866f3d7d0ff9c567ee31fbbe04043f047a207e,cross_repository_in_program,1,1,1,375,526174,215,526550
aiq-gpu-docs,d1a5d19820668ca9cf83493490e08abf3150bfb6,cross_repository_in_program,1,16,30,25593,8604076,16452,8629699
aiq-gpu-docs,e0d230b6ae7b2f3fa7a1c1796e9bded869a46e69,cross_repository_in_program,1,13,24,550653,6737026,7380,7287703
aiq-gpu-docs,69df3d22b279110796ccc6277bcf9792179d3d55,cross_repository_in_program,1,35,65,28828,21835517,21937,21864410
aiq-gpu-docs,5742c4d3d95c1c5c001f22e0742dcb73fae94e04,cross_repository_in_program,1,1,2,876,565909,953,566787
aiq-gpu-docs,0f6428a3ca21d481500dbe34682b96fa22be1e82,cross_repository_in_program,1,18,33,39645,10519713,23716,10559391
aiq-gpu-docs,c5c51cd352bab80e7037e5ab275d340a4ac1c597,cross_repository_in_program,1,40,75,33498,26708906,22079,26742479
aiq-gpu-docs,9702628e513226dcbc566137bdebf2909f5e7d26,cross_repository_in_program,1,17,32,19587,11805615,13708,11825234
aiq-gpu-docs,389367ce4d484aad2274e632b305f72b04f98faa,cross_repository_in_program,1,7,13,8314,4971521,6352,4979848
aiq-gpu-docs,22f043e7d251505bab82fbed1cb578ab8b7b5ed4,cross_repository_in_program,1,1,1,726,714466,976,715193
aiq-gpu-docs,8e51ecda637a2eb22ce52c44be89dbd66d46331b,cross_repository_in_program,1,14,26,10352,8999833,8455,9010211
aiq-gpu-docs,1e46574526fcaeb7bfde7bc639beb887f1c9574a,cross_repository_in_program,2,82,154,68794,60170434,49370,60239382
aiq-gpu-docs,afebb24330036f52c667c0aa29e2f724ee193272,cross_repository_in_program,1,5,9,5617,3768436,4537,3774062
aiq-gpu-docs,4d13837774ab8fdbf87bfb30f57188a53e650a29,cross_repository_in_program,1,3,6,3140,2276129,2181,2279275
aiq-gpu-docs,2a7d061ee1e726317ea8908f20e343b21061f1a6,cross_repository_in_program,1,22,41,19940,17001907,13959,17021888
aiq-gpu-docs,78130533f9b192441bb64f665ced47584554889c,cross_repository_in_program,1,2,4,2663,1565434,2004,1568101
aiq-gpu-docs,c25d62a7940f943bb95c87cc08d1cfe08947e908,cross_repository_in_program,1,3,5,4067,2359726,3494,2363798
aiq-gpu-docs,5c4328d3ffd6f04a4b39ba06253f6bf6b918227e,cross_repository_in_program,1,19,36,14296,15150007,10785,15164339
aiq-gpu-docs,8403cff85968687f46a0bccb127f84769621ebf9,cross_repository_in_program,1,33,61,33009,27151228,24159,27184298
aiq-gpu-docs,6a34b5e542e1c6cee832716e54c54c69f8d1591a,cross_repository_in_program,1,10,19,9332,8450027,6844,8459378
aiq-gpu-docs,bef9c4e6d4d6979d390fd72808b5e9dcb658c39c,cross_repository_in_program,1,14,26,14304,12006799,10772,12021129
aiq-gpu-docs,507db6cfe990d6dccfe40a81d10f5d8ca7def7b2,cross_repository_in_program,1,3,5,3044,2600206,3119,2603255
aiq-gpu-docs,3674858d1ccbe2db244aea28a53a6ef67ba7f5a4,cross_repository_in_program,1,8,15,9223,6988376,6751,6997614
aiq-gpu-docs,9b19da6b6edaa35314e562c3754fd8d963763e3f,cross_repository_in_program,1,3,6,2975,2641733,2772,2644714
aiq-gpu-docs,c64a5db06631b7bf3fd64c9eb1fdef09888ef87f,cross_repository_in_program,2,40,74,41182,35737032,30900,35778288
aiq-gpu-docs,17047b736c8c000ca2562cba838383d26708b28e,cross_repository_in_program,1,12,22,10873,10925807,8970,10936702
aiq-gpu-docs,711f8bbf9069483fb06f3df18763f3e7630a0001,cross_repository_in_program,1,12,23,9951,11062008,7550,11071982
aiq-gpu-docs,f868b1e060bef5fa97ea05b2663ea51e01fc369f,cross_repository_in_program,1,10,19,8256,9322193,6879,9330468
aiq-gpu-docs,c49ca70eece9457e838cfcc2b20d0d2430360e2a,cross_repository_in_program,3,27,51,23664,25417209,22242,25440924
aiq-gpu-docs,81391e3c890ff7d7980e3af60607d988a257358b,cross_repository_in_program,2,20,38,13222,18990280,8956,19003540
aiq-gpu-docs,1758882390a04667da280a6a251dc437d3312bc4,cross_repository_in_program,2,16,30,12080,15296448,9168,15308558
aiq-gpu-docs,18b6d827311ee11579f90d499156fc545b468748,cross_repository_in_program,2,8,14,10800,7691958,7706,7702772
aiq-gpu-docs,57db997ed875d8679fba69bf3e7ff646887b2db3,cross_repository_in_program,2,8,16,5286,7724940,5672,7730242
aiq-gpu-docs,dc7bc7ae02158399143362c2dc9d0a83d1ebde6e,cross_repository_in_program,2,8,14,6896,7751830,3972,7758740
aiq-gpu-docs,68101cf58a163644a00b5ce8fe977ee74391fc44,cross_repository_in_program,2,4,8,3918,3884620,3730,3888546
aiq-gpu-docs,d71a8f358500c6c8ac4434ae6adede3f3308e047,cross_repository_in_program,2,10,20,7044,9746090,5642,9753154
aiq-gpu-docs,d3190e5482183ba5f3e9ea5a5cce98fb01d492bb,cross_repository_in_program,1,2,3,2202,1954053,2008,1956258
aiq-gpu-docs,4508842fe532aadcc00f00db9fa6ca3fa540837d,cross_repository_in_program,1,27,51,63593,20157610,20791,20221254
aiq-gpu-docs,2184439843cd0f524e4dc12d04c4a74d8514269a,cross_repository_in_program,1,22,41,24438,1761684,11568,1786163
aiq-gpu-docs,bf2cceba47741a88218c96b6669635a49bc2e57a,cross_repository_in_program,1,10,18,7549,962050,5295,969617
aiq-gpu-docs,2af7e4a67fde14fc5fecff29dab84858b2f0f793,cross_repository_in_program,2,28,52,28044,2959286,12614,2987382
aiq-gpu-docs,e1560c30466a83e25d9466e4a66c8836a6601cc1,cross_repository_in_program,2,24,44,54260,2992540,24556,3046844
aiq-gpu-docs,3334417a60edebf022cf1c1e1dc7511f01ecaf3e,cross_repository_in_program,1,19,36,26271,3000161,13487,3026468
aiq-gpu-docs,3aee50d881461b5d303a1fd0a421d0b9065dded3,cross_repository_in_program,1,14,26,33140,559857,5235,593023
aiq-gpu-docs,224109c67bab7b6bf116c30b2c84c517f75fe076,cross_repository_in_program,2,22,42,13124,1246988,5672,1260154
aiq-gpu-docs,4f2b42c4b0c6171b867b876e8f15d3ad9cf22cc3,cross_repository_in_program,2,4,8,3196,217688,598,220892
aiq-gpu-docs,3be0781eaeb30a9fa1f481667e7c42a7233fa279,cross_repository_in_program,1,92,173,130124,12466172,57513,12596469
aiq-gpu-docs,504041631e7213f8a62fc40e1e6da466ede8e645,cross_repository_in_program,2,132,248,194942,15893712,93194,16088902
aiq-gpu-docs,a7d2a4605c20221ebea1fe781ae8ddc3e06ddd74,cross_repository_in_program,2,80,152,84990,16971384,38248,17056526
aiq-gpu-docs,b24cd4145659ca6cc8784c53ec0fea30a09ae328,cross_repository_in_program,1,8,15,4450,1880014,3327,1884479
aiq-gpu-docs,5a1e775c0b9660ea569666e1071ab238c7c50e0b,cross_repository_in_program,1,15,28,12406,3677365,4962,3689799
aiq-gpu-docs,6b87473fbfbb43cc6865c9d913021527238c03c3,cross_repository_in_program,1,21,40,25319,5568804,11058,5594163
aiq-gpu-docs,811abba3d66a61893164918e1bd572e461acf55a,cross_repository_in_program,1,49,93,357816,14832636,30461,15190545
aiq-gpu-docs,8fd013214b2304bdc15ee7344db73e0a5ce3dfc8,cross_repository_in_program,1,45,85,51237,16613965,34327,16665287
aiq-gpu-docs,bd7a2cb1400e29b368f91ccba213e74130f1b57f,cross_repository_in_program,1,4,7,10160,1575242,2617,1585409
aiq-gpu-docs,cf57dc0ec079d79f91c68fb99ac9d0cdf7aebe56,cross_repository_in_program,1,86,163,552679,37993125,47216,38545967
aiq-gpu-docs,cfee094f2cc2f4d91d663d69c51976bbd909312c,cross_repository_in_program,1,9,17,12363,4471406,4989,4483786
aiq-gpu-docs,395ed8a9aa00f796e5c043fe2028f8dc8525af45,cross_repository_in_program,1,13,24,10909,6638088,7546,6649021
aiq-gpu-docs,023255080fe696448ba4362b369650bd1a5a0214,cross_repository_in_program,1,9,17,11613,4704270,8122,4715900
aiq-gpu-docs,7a3917efcc0fd43a7c15a422511c9be18ef0032a,cross_repository_in_program,1,4,7,4780,2123752,2248,2128539
aiq-gpu-docs,41bd0cbbe3dd60833419d59d632e8c256f3c3b36,cross_repository_in_program,1,13,25,9892,6996461,7341,7006378
aiq-gpu-docs,d078e2a1a6a5268c63feeb1895c97a2a8947d355,cross_repository_in_program,1,3,6,3222,1632856,2246,1636084
aiq-gpu-docs,2be3a7fa30ff97b3302555427a4eae940305f4eb,cross_repository_in_program,1,2,3,2285,1093119,1415,1095407
aiq-gpu-docs,415098ea448c5c1aa943bde289809f907ea7c2bc,cross_repository_in_program,1,2,4,3003,1097950,1610,1100957
aiq-gpu-docs,9309d537fa01d3709a50e8f70a21e45bb31c726c,cross_repository_in_program,1,6,12,2779,3314844,2468,3317635
aiq-gpu-docs,651e2c1553dee0a1b641102663c3f13fb8c2dcba,cross_repository_in_program,1,18,33,13743,10101816,10004,10115592
aiq-gpu-docs,19b75bec393c3240e3229fcc85c90ea8f6ab1a1d,cross_repository_in_program,1,3,6,1306,1705140,926,1706452
aiq-gpu-docs,de7d09a7ed904c31aed99a8b97db5d7107aa18f3,cross_repository_in_program,1,5,10,2926,2851988,1973,2854924
aiq-gpu-docs,f4bd31aea0694a5a93932964c4944c12e2f6078a,cross_repository_in_program,1,2,3,932,1144656,1110,1145591
aiq-gpu-docs,8f098a3618e0e5548dc5b4c5f4a398c13ae5c817,cross_repository_in_program,1,12,23,9519,6934154,6121,6943696
aiq-gpu-docs,3bd60b1ca48264ac055a8c9ac882d3e0b7c22602,cross_repository_in_program,1,2,4,1252,1165609,959,1166865
aiq-gpu-docs,82335dafd47d55858d07f50ba4430c54be1b2b51,cross_repository_in_program,1,6,11,4233,3513482,3346,3517726
aiq-gpu-docs,063f7f99c201476b9d09ee71e55cf06e1e8f2302,cross_repository_in_program,1,4,8,2854,2356674,1467,2359536
aiq-gpu-docs,8d663a8b3d6a6e1ed1c3b3f8d4f7f8d31a108363,cross_repository_in_program,1,3,5,1263,1774287,1167,1775555
aiq-gpu-docs,4cdb00afbc3a6c260c57a4fcd58845dedad0d0fb,cross_repository_in_program,1,3,6,2415,1778648,1518,1781069
aiq-gpu-docs,0445e90ee75fd704991353faae44c66c88579541,cross_repository_in_program,1,3,6,1392,1785248,1620,1786646
aiq-gpu-docs,ae75bda74951bb1ebdabe3ea3f6aab7a7d97cf00,cross_repository_in_program,1,13,24,8841,7811101,7164,7819966
aiq-gpu-docs,0b46884da03f04cf43ba56574ffbd9142a645e0a,cross_repository_in_program,1,3,6,2522,1817559,1404,1820087
aiq-gpu-docs,4891f1c0160f2058c1ead8bf0500db6a8782a099,cross_repository_in_program,1,16,30,12633,9812672,7821,9825335
aiq-gpu-docs,9caa99f797ab6b90970ea4ff76d6e03f6cfd4eac,cross_repository_in_program,1,13,24,9605,8111566,5588,8121195
aiq-gpu-docs,2f0865f3deadb4085a6a30ee059c20d0e47220e2,cross_repository_in_program,1,5,10,3010,3152580,2627,3155600
aiq-gpu-docs,7814ec9cfefee2162d4df585996e64e1c8738fe5,cross_repository_in_program,1,1,2,1161,632558,134,633721
aiq-gpu-docs,efd0f757de3e7d479bc9cae7e8a11caaffc88991,cross_repository_in_program,1,4,7,2285,2539141,2442,2541433
aiq-gpu-docs,627e051779d456d1055ee3a49ad3bd15913f8a35,cross_repository_in_program,1,16,30,18247,10321151,11725,10339428
aiq-gpu-docs,6f94c9ef63de2a4ca1219ca9c1d9dd7b36339957,cross_repository_in_program,1,11,21,11702,7265496,7106,7277219
aiq-gpu-docs,83c3217f5e14528130aaa1afe14a420cebbf91cf,cross_repository_in_program,1,4,8,1696,2671285,909,2672989
aiq-gpu-docs,6c021bf4438fce33c9ff2dff43329300f4b8cf50,cross_repository_in_program,1,35,66,24515,23893094,16372,23917675
aiq-gpu-docs,1b0f991b59ab2c35b8b9257a2f34ed62a63b1a39,cross_repository_in_program,1,3,5,3009,2084557,786,2087571
aiq-gpu-docs,9b263b9bb8f1a3c7f4273542b7387ebdfde7c946,cross_repository_in_program,1,18,35,17821,12678870,12763,12696726
aiq-gpu-docs,2fd82c5d8ff1342390d5fa725e8c6c47e090eac9,cross_repository_in_program,1,1,1,504,715334,455,715839
aiq-gpu-docs,b1d72383259fbd5775c261ec50a6796bf9a7348b,cross_repository_in_program,1,5,10,2902,3585034,1963,3587946
aiq-gpu-docs,721cb7136f03feecc8412080753ac4acdc1defa5,cross_repository_in_program,1,1,2,512,718740,261,719254
aiq-gpu-docs,62f61f6d9c6785586db8ba4e065504293cb45c3a,cross_repository_in_program,1,10,18,10144,7234337,8081,7244499
aiq-gpu-docs,2a55159f932817e99934079a77f4715a49314ae9,cross_repository_in_program,1,2,4,1505,1459983,1091,1461492
aiq-gpu-docs,d13e0be6d61de8a208251ddf5f8ab2abf4190201,cross_repository_in_program,1,16,30,17397,11818986,11077,11836413
aiq-gpu-docs,55cbdbe59fa205ddd1c05450590554c05de462d5,cross_repository_in_program,1,2,4,966,1497001,1002,1497971
aiq-gpu-docs,a4f93fe34b6db50e2f12cebfe5d8fe7262b7038c,cross_repository_in_program,1,12,22,8667,9037218,5261,9045907
aiq-gpu-docs,ebc8bf8389549a868404987f4017cfcbb84ccab8,cross_repository_in_program,1,15,28,10588,11443241,6699,11453857
aiq-gpu-docs,543453cc233dee75e8b52c0765070ae82dda854f,cross_repository_in_program,1,1,2,372,769608,429,769982
aiq-gpu-docs,6afd1ea66ec8539ed69163f296c84abc0d8a2260,cross_repository_in_program,1,9,17,6722,6957225,3504,6963964
aiq-gpu-docs,2ec2c7cb6f5b38f5387ce20a3217d024c1ff3abd,cross_repository_in_program,1,7,13,5043,5453432,3886,5458488
aiq-gpu-docs,d1e9d2c73f68fa083a44e67a214f2ffa213718c4,cross_repository_in_program,1,4,8,3450,3133618,3475,3137076
aiq-gpu-docs,30fc86b2a5bca31d1e7a10cd7e32896f3a904f2f,cross_repository_in_program,1,11,21,14096,8715855,5947,8729972
aiq-gpu-docs,2a13d12003fecde94f04aa5dacc8b01b1f6c85fe,cross_repository_in_program,1,1,1,664,799291,480,799956
aiq-gpu-docs,4d5c8689d248cb6b3b4b31d07d9ffabe8a644dbe,cross_repository_in_program,1,2,4,1030,1600625,672,1601659
aiq-gpu-docs,a79418d4e3d25025a8773a805bf679bb8752f7b1,cross_repository_in_program,1,3,6,2101,2404702,1571,2406809
aiq-gpu-docs,70906555865979844b77a823f92ea2a7e226bf26,cross_repository_in_program,1,14,26,14104,11351533,8735,11365663
aiq-gpu-docs,e543944772b4fb874df1e4db8fea8f553eee3a2a,cross_repository_in_program,1,4,8,2875,3276740,2705,3279623
aiq-gpu-docs,993861dc01060e8caad6c6c07bf83f096ebc6a9d,cross_repository_in_program,1,3,5,2975,2465877,3175,2468857
aiq-gpu-docs,507707d4f4fb9cb3bcfbcd3afc88558e4e7b2dca,cross_repository_in_program,1,2,4,2527,1650054,1277,1652585
aiq-gpu-docs,7017eaac58a387b1b968c5c449ad6787b33eacea,cross_repository_in_program,1,8,15,6357,6637508,3891,6643880
aiq-gpu-docs,7ed2b954219775eefb0fc7ce2690b96c6e39c25f,cross_repository_in_program,1,1,2,635,832886,392,833523
aiq-gpu-docs,a76586dd914446242102c708b7405c662850f20d,cross_repository_in_program,1,4,8,2403,3338176,2091,3340587
aiq-gpu-docs,080ba7fb2fe303842ec0756e75a3b582c6262a24,cross_repository_in_program,1,2,4,2095,1672742,1932,1674841
aiq-gpu-docs,439d7bd1bedb83f1f24ca679663669a564056e01,cross_repository_in_program,1,10,19,9121,8421921,5531,8431061
aiq-gpu-docs,3617a7722edf52fe61a2cebe6309c29afed44588,cross_repository_in_program,1,4,7,3315,3395420,3470,3398742
aiq-gpu-docs,9d38bee38219acc3288740747e8c0c56ab86b53b,cross_repository_in_program,1,14,27,15077,12011953,8856,12027057
aiq-gpu-docs,1a489178c4812d2e44154c1a8ac09b85197bd7c3,cross_repository_in_program,1,9,16,7227,7830047,5199,7837290
aiq-gpu-docs,4af635e96bab9f982b966bf1c5f415a2b35d948b,cross_repository_in_program,1,11,21,11805,9683020,7111,9694846
aiq-gpu-docs,852f1da4af77059e216f4b35ec35e1e981e935ce,cross_repository_in_program,1,5,9,5458,4440120,2627,4445587
aiq-gpu-docs,e6e06f052dc265f386597ec3c7c2ef9aa63623c1,cross_repository_in_program,1,5,10,6057,4470376,4379,4476443
aiq-gpu-docs,8108a03547fce6fa5aa43205eaa177cdac3d49bc,cross_repository_in_program,1,8,15,9254,7225547,3172,7234816
aiq-gpu-docs,e124da89d6bfd0896e2d8606275a01e2f666f2c9,cross_repository_in_program,1,7,13,6254,6377950,4267,6384217
aiq-gpu-docs,48c5f146d70f602ec1628842d51fc01f26693f34,cross_repository_in_program,1,3,6,2577,2749657,2133,2752240
aiq-gpu-docs,5bd68be627d4e0e84ed6558bb8e6f9acf1beebd5,cross_repository_in_program,1,4,7,3940,3678122,2334,3682069
aiq-gpu-docs,f825a2e4b8784d8f9656e89616710f7aab487891,cross_repository_in_program,1,23,43,16207,21417005,12044,21433255
aiq-gpu-docs,c79c5393178094f687ab7978d4ac626038ae451d,cross_repository_in_program,1,3,6,2599,2820804,2149,2823409
aiq-gpu-docs,f62d57a8704fde8bc4817b8f817df8e80544590d,cross_repository_in_program,1,13,25,13636,12344222,6634,12357883
aiq-gpu-docs,e73890d7fa41ff790714bdb410388bb9f29b1baf,cross_repository_in_program,1,20,37,21757,19345958,16958,19367752
aiq-gpu-docs,573b28d9b5ed84884d0795dbfb7a986d61ee511b,cross_repository_in_program,1,5,9,4136,4903180,4120,4907325
aiq-gpu-docs,5224596fb7a8b2fe756de2fe81f38dd285d8c264,cross_repository_in_program,1,37,70,36134,28102397,13857,28138601
aiq-gpu-docs,62482957d7749881d2f10ce0580af09116a9be72,cross_repository_in_program,1,2,4,947,89183,298,90134
aiq-gpu-docs,1519adf5576cc3510e2f027f848bd751b7110380,cross_repository_in_program,1,6,11,13351,299227,2900,312589
aiq-gpu-docs,97334bf0ead08f580e90ceb90189d4523320f954,cross_repository_in_program,1,3,6,7152,188567,1051,195725
aiq-gpu-docs,e672f5b4139ac8891483ea39c9aac931e48765b5,cross_repository_in_program,1,4,7,6783,279544,1322,286334
aiq-gpu-docs,aedbf294d9b3e0ea91b5d62eb744a54df44b28d7,cross_repository_in_program,1,14,27,14346,1114668,10167,1129041
aiq-gpu-docs,5065773077b0ed8b7c388f93376b8f0dfa7d5aa9,cross_repository_in_program,1,2,4,1973,175237,605,177214
aiq-gpu-docs,eb6f05df58d35993bde27f9d6f9bd33108e31aa9,cross_repository_in_program,1,2,3,1330,178139,560,179472
aiq-gpu-docs,feae3dba61aaa2b5b0980c5e6b40281ffee01382,cross_repository_in_program,1,11,21,11468,1062495,6114,1073984
aiq-gpu-docs,867e721e4b8d9387a2b0a52afbfd91e0a26be0ab,cross_repository_in_program,1,19,36,20104,2109209,12245,2129349
aiq-gpu-docs,80948b2b548f0ae7b14de92ed3154f35cb0d3ce5,cross_repository_in_program,1,47,88,64586,7213728,29101,7278402
aiq-gpu-docs,903c17f361ea7907832ec4ece370a31a43d3d13b,cross_repository_in_program,1,3,6,2531,562493,1365,565030
aiq-gpu-docs,4643835e9c4324e70d0b8bc7d52c7a651592d539,cross_repository_in_program,1,4,7,1664,757839,1888,759510
aiq-gpu-docs,8e24e54d30daa1fa968b58814044656d96e8a584,cross_repository_in_program,1,14,27,16659,2810550,10125,2827236
aiq-gpu-docs,999c943f4de8698798737b1b0cd7dd027d7d7109,cross_repository_in_program,1,5,9,4427,1047479,1969,1051915
aiq-gpu-docs,3d02326c4d7afa173fb1c5debde0220f7441ac19,cross_repository_in_program,1,3,6,1560,636059,1695,637625
aiq-gpu-docs,18e7ad9c03fa80f5b559cd988e1692f3d1297a4d,cross_repository_in_program,1,1,2,1319,213142,1332,214463
aiq-gpu-docs,134ec190c514eee43046e4ac41f2d2efc08de88e,cross_repository_in_program,1,4,7,5046,866154,3061,871207
aiq-gpu-docs,da84544b3a91718e5180da44fdc6f3d9b1afdd0e,cross_repository_in_program,1,17,32,21436,3892819,11181,3914287
aiq-gpu-docs,26925dd631b054b2809bc7ce48cc72edfb6876e2,cross_repository_in_program,1,1,2,581,240943,218,241526
aiq-gpu-docs,c334cf12738d188437bc1cde71f54b2dd5e390f1,cross_repository_in_program,1,6,11,8287,1464150,5500,1472448
aiq-gpu-docs,90dceb24ddacda60c3839f316b0a0080631a64a2,cross_repository_in_program,1,28,53,40065,7601998,24077,7642116
aiq-gpu-docs,49d00aad50749e4acb8906681fa308d9356afdd9,cross_repository_in_program,1,1,2,625,289876,217,290503
aiq-gpu-docs,65e8c637dec68b0f277254c6677ec79371f3d511,cross_repository_in_program,1,14,26,13076,4157448,11191,4170550
aiq-gpu-docs,49e18d0dd24a43e89a1195767b4eae8174f9665a,cross_repository_in_program,1,1,2,1654,303577,217,305233
aiq-gpu-docs,46988430816f3faef96f53ccfe10afdd74c881f1,cross_repository_in_program,1,5,9,4232,1530842,3415,1535083
aiq-gpu-docs,d81835d319afcad770846948c744e7a219be1caa,cross_repository_in_program,1,16,30,25574,5112123,13885,5137727
aiq-gpu-docs,e0805aba1a9e1e1e639241ee621a4a0dfa06a4a9,cross_repository_in_program,1,5,9,5045,1684203,2562,1689257
aiq-gpu-docs,22f08a9151253c7d47c60dd8f93f2b2c742af022,cross_repository_in_program,1,54,102,55949,20021465,41256,20077516
aiq-gpu-docs,277ade5a91603d4df9c8d373eeb82fec87177418,cross_repository_in_program,1,1,1,2398,396031,217,398430
aiq-gpu-docs,97c3f7c780e992b8ec84e81b2b5ef885d4a207b8,cross_repository_in_program,1,3,6,1302,1196598,1522,1197906
aiq-gpu-docs,f50043786a5aa02560c58a255ad68fc963d31dc8,cross_repository_in_program,1,14,26,30575,5821562,19639,5852163
aiq-gpu-docs,abf5c5cbbfc767091ced0f713ca6b299c2f824ee,cross_repository_in_program,1,2,4,2966,863192,576,866162
aiq-gpu-docs,7ae6ca679a06682954bb122cca63b13ca4ea7539,cross_repository_in_program,1,1,2,482,433272,884,433756
aiq-gpu-docs,2307fdcfe95944a7f4d4e45a0d7f6a71a6f80b07,cross_repository_in_program,1,21,39,23154,9369581,15754,9392774
aiq-gpu-docs,4040678c96f1aa0ac762c62e88ab6aa1937f4a51,cross_repository_in_program,1,8,15,10419,3690909,4339,3701343
aiq-gpu-docs,860b3fba3bb07e4ab6918ceac877fd68017d6359,cross_repository_in_program,1,12,23,9716,5667308,7657,5677047
aiq-gpu-docs,87e40f922be3d5a2e9d54524b02318a2fbd167b9,cross_repository_in_program,1,9,17,10763,4333714,5542,4344494
aiq-gpu-docs,984cb31adac4a0a1283a2391f955b3d2ac7fe3d3,cross_repository_in_program,1,2,3,2990,977468,2121,980461
aiq-gpu-docs,6699dcd3c4a58a4cc483704f18af99e7fe6ba2af,cross_repository_in_program,1,5,10,5027,2463975,2959,2469012
aiq-gpu-docs,19ca282e8731657f4bdc28618a0aadda28aaba2c,cross_repository_in_program,1,7,13,6599,3493281,4710,3499893
aiq-gpu-docs,91637460905f0e879c6fcab08618401b6930533d,cross_repository_in_program,1,32,59,27765,16551678,18860,16579502
aiq-gpu-docs,f0ee06e07fc84ec49fba4d966a3fd095a1917ffc,cross_repository_in_program,1,4,8,4766,2133880,3781,2138654
aiq-gpu-docs,646bc21b6b3b3ab3ce29fadf2c72651c6cd8d197,cross_repository_in_program,1,2,3,2535,1073808,551,1076346
aiq-gpu-docs,15f074501e9f714c5fd270bd44f7c0b7d12ddc7d,cross_repository_in_program,1,5,10,5765,2701170,3876,2706945
aiq-gpu-docs,bf33dd1474631945da96cb0cb2aac5ec689065e6,cross_repository_in_program,1,6,11,9515,3290146,7266,3299672
aiq-gpu-docs,136ff4d302a575878646fc7b64c726371dc2c577,cross_repository_in_program,1,12,22,11182,6716685,8684,6727889
aiq-gpu-docs,e4f9a34b8ba93552df1863c57f944c6455f06cf0,cross_repository_in_program,1,3,6,2301,1697214,4552,1699521
aiq-gpu-docs,352de6ef29392d09049183aa09d47744605e3672,cross_repository_in_program,1,14,26,14517,8067562,9231,8082105
aiq-gpu-docs,815979ba8de39e262e40b6b28985d659a0ea0406,cross_repository_in_program,1,6,12,5840,3501936,5797,3507788
aiq-gpu-docs,3466e61e584dd5f0f08737c2d3a88711024c3b2b,cross_repository_in_program,1,1,2,1113,587556,222,588671
aiq-gpu-docs,dacd8f7a45ff014d9f3d92092abf9efe18b836af,cross_repository_in_program,1,13,24,15915,7755210,13161,7771149
aiq-gpu-docs,e4e10b24f7e56c8a1a23e60d9ffc610bd8995b26,cross_repository_in_program,1,2,4,2529,1210104,1726,1212637
aiq-gpu-docs,88531f08c5b88c7e3f83cd0208dbf87c6d75f7e9,cross_repository_in_program,1,3,5,1952,1823129,2565,1825086
aiq-gpu-docs,59692797522adc391906a1a96b37a9341cc14460,cross_repository_in_program,1,13,25,12773,8003988,10569,8016786
aiq-gpu-docs,344eebbf3bd7ae65c41b13fe02a1685d55701056,cross_repository_in_program,1,5,9,6198,3122611,5912,3128818
aiq-gpu-docs,1146bdce03640c1049d998808b710c11517dc284,cross_repository_in_program,1,3,6,4895,1891623,2302,1896524
aiq-gpu-docs,53d44781c4a10e665d6cdcb9b953311e503ff131,cross_repository_in_program,1,12,22,13056,7677855,9204,7690933
aiq-gpu-docs,5146e627d4a5b4a2ce53129f06d3c78ca7221309,cross_repository_in_program,1,6,12,6876,3894895,6673,3901783
aiq-gpu-docs,d83c2021d7d05176b85e0f98771febf886a28654,cross_repository_in_program,1,7,13,7974,4598794,5580,4606781
aiq-gpu-docs,be6aa1b2ed6aa0df709288db9ef102da4a6ab980,cross_repository_in_program,1,13,24,17980,8719296,16309,8737300
aiq-gpu-docs,5fe142e69482459d411474ff8b9c640b97ad940e,cross_repository_in_program,1,10,19,10355,6840552,9228,6850926
aiq-gpu-docs,f7d5962c02f9d4f6ac3435b77e352c1cbd96c68d,cross_repository_in_program,1,1,2,1672,689172,189,690846
aiq-gpu-docs,689b5a57ecdb0b4905359fe85f93a23fbbbbabb2,cross_repository_in_program,1,9,17,9526,6259366,8552,6268909
aiq-gpu-docs,dd86889c97de9b80bd16fde894334f851d9ef37a,cross_repository_in_program,1,12,22,9650,8464079,8320,8473751
aiq-gpu-docs,075f4d3f33745f5d7b9b0a8581be6f41f6bb9a27,cross_repository_in_program,1,20,38,23188,14444375,20655,14467601
aiq-gpu-docs,ced6e7af43295f4ecdfb3cda7b615679d466270d,cross_repository_in_program,1,11,20,8982,8118012,5907,8127014
aiq-gpu-docs,b522805ff45692b253effb65719ab49cf41201e6,cross_repository_in_program,1,7,13,5378,5211217,4637,5216608
aiq-gpu-docs,6b4e34659e4758ca2920e4e2ee852a4e02a1d219,cross_repository_in_program,1,11,21,8315,8267893,6943,8276229
aiq-gpu-docs,b8e61225a59dc0500704c6d9dd2a93b1a67a268e,cross_repository_in_program,1,1,2,1187,755883,226,757072
aiq-gpu-docs,3dae9c9d1f9e1e2a3bb21c7c9e1b9dc85b895775,cross_repository_in_program,1,6,11,5903,4554254,5053,4560168
aiq-gpu-docs,32873dcd812d3235c674dcd35b2c24fcab03b83c,cross_repository_in_program,1,16,30,13887,12343481,7169,12357398
aiq-gpu-docs,a5062e6e8ccb7f45f1829d8bff53e8247cb24cb6,cross_repository_in_program,1,12,22,12523,9396318,7432,9408863
aiq-gpu-docs,85bdc6e807a631d7bc283e08abd4b9773603446b,cross_repository_in_program,1,23,43,22756,18388567,13034,18411366
aiq-gpu-docs,93ccf351bc3a249ff3f1d4702d6464ea2eceebd1,cross_repository_in_program,1,29,54,36845,24029487,24239,24066386
aiq-gpu-docs,2667c2c7fce94ebc208abc7d616bf672c7d6663e,cross_repository_in_program,1,7,13,5891,5954756,2808,5960660
aiq-gpu-docs,49e79960bc3f07106b65dc696bd5638f4419733d,cross_repository_in_program,1,10,18,7663,8583074,3655,8590755
aiq-gpu-docs,5aa3e5dbe9641dee224c22d9556eda62958c4084,cross_repository_in_program,1,7,13,5285,6055223,4191,6060521
aiq-gpu-docs,e11d6d4a608fec2f5fdb4a0f3d6c70d950702ca9,cross_repository_in_program,1,29,54,22940,25490882,12601,25513876
aiq-gpu-docs,dc9fd3cb288e46e993ef3615a4afa9551f055016,cross_repository_in_program,1,11,21,10214,9851324,7716,9861559
aiq-gpu-docs,f2a64f262fed93a2f2ad1b52eeafd2315d800cb8,cross_repository_in_program,1,2,3,2455,1803951,573,1806409
aiq-gpu-docs,ddde25979fa6b6090363d6aa5cc6d69fe5af8459,cross_repository_in_program,1,4,8,2005,3616459,1634,3618472
aiq-gpu-docs,84477413c5a557fc89979352bfd2a02d6432883f,cross_repository_in_program,1,21,39,28660,19307542,14520,19336241
aiq-gpu-docs,e17fe858c36463143a8f4d19e3128cc4705b030b,cross_repository_in_program,1,12,23,8790,11265803,5605,11274616
aiq-gpu-docs,bdd118c651b48c9368060509a9e24e79b193f60f,cross_repository_in_program,1,5,9,3293,4722638,2326,4725940
aiq-gpu-docs,eb8ffcfbf015924eb6c8857093c7dd37e4b38781,cross_repository_in_program,1,11,20,9641,10459668,6295,10469329
aiq-gpu-docs,9d1c2c03163d0fce6f1b9c305a04601fbd3a7cca,cross_repository_in_program,1,5,10,4167,4787947,3537,4792124
aiq-gpu-docs,996d8ca18cc1a443f431cbdd5d79b6daca11ae5d,cross_repository_in_program,1,13,24,13548,12574865,7857,12588437
aiq-gpu-docs,886d969d9046c181e7ca3001bc61216c4edc3393,cross_repository_in_program,1,5,9,3738,4874955,3126,4878702
aiq-gpu-docs,bbbb751dbfa6e9ccf6b942c2df1117cec3785426,cross_repository_in_program,1,7,13,4342,6856678,2912,6861033
aiq-gpu-docs,b1d00b679826834319b8258fbfb0be1453446e80,cross_repository_in_program,1,10,19,7436,9854325,6008,9861780
aiq-gpu-docs,08ab523416ce22f81f87858fc561dba904bf556d,cross_repository_in_program,1,2,3,1129,1979038,716,1980170
aiq-gpu-docs,992826c02d3d1e51b770b73e6c5fe830d5f1e60e,cross_repository_in_program,1,3,6,3524,2973498,1897,2977028
aiq-gpu-docs,8c5d195c1f64a0a79ca418ee5b2f45ae7abc3fc5,cross_repository_in_program,1,40,74,80967,9489662,25043,9570703
aiq-gpu-docs,a494d99e065f62f1b62083e2d963af095aaeca0c,cross_repository_in_program,1,6,11,5356,608654,3884,614021
aiq-gpu-docs,1d7c1acbeb95c83118601c7d0da4708f9ec8a2cb,cross_repository_in_program,1,9,17,7734,971016,5535,978767
aiq-gpu-docs,093dc8e8f31cec405680c713222a243805f08255,cross_repository_in_program,1,17,31,28006,2133134,9114,2161171
aiq-gpu-docs,e9e7167924705b53dba1e13210776f9770ad7f57,cross_repository_in_program,1,3,6,3047,424751,2634,427804
aiq-gpu-docs,c63eb07fa331ff171b6684697e4d4f5f3ae1d1e4,cross_repository_in_program,1,38,71,42332,6255294,25376,6297697
aiq-gpu-docs,a1f6394316b5ac98d5e82fdab37f9e41035fcc42,cross_repository_in_program,1,25,46,29251,5007745,17071,5037042
aiq-gpu-docs,64f3f063cae9372b043a92e0d5f145af98e5930c,cross_repository_in_program,1,4,8,6515,868357,5346,874880
aiq-gpu-docs,3e68ce9950894198e8eef50daded74f0dd91ff55,cross_repository_in_program,1,4,7,3994,891364,2947,895365
aiq-gpu-docs,557de80284b897894d4d1e6823337700e77a3d78,cross_repository_in_program,1,25,47,32407,6005200,22572,6037654
aiq-gpu-docs,e34c7a547e80b3429be0fb506b7fe139936201cf,cross_repository_in_program,1,24,44,28359,6562509,20598,6590912
aiq-gpu-docs,e686b89048b0f06409dcd44d463a47fde5b38e22,cross_repository_in_program,1,16,30,24284,4776836,17503,4801150
aiq-gpu-docs,b906403650b157ec8d8d8399bf2318837c6cf040,cross_repository_in_program,1,24,44,29040,7814934,17521,7844018
aiq-gpu-docs,15cc148126eec5bffdcc3d84e79cd8c4b18ab18e,cross_repository_in_program,1,4,8,1963,1362531,4032,1364502
aiq-gpu-docs,766ae84ba6add39f347886ac42920036d00de7e0,cross_repository_in_program,1,3,5,3090,1030505,2149,1033600
aiq-gpu-docs,5afaf01c9a69d16921c19fe48f4dd0c4206760b3,cross_repository_in_program,1,11,20,21287,3909173,14591,3930480
aiq-gpu-docs,264127a3ca0fbca41c3c9466b33ab31e9d5e4978,cross_repository_in_program,1,1,2,1388,366105,1676,367495
aiq-gpu-docs,243fdd6fa3f38ac36f5764e581856fffe7a898b9,cross_repository_in_program,1,3,6,3451,1106149,2379,1109606
aiq-gpu-docs,48cd6f526d69f9b3ed4a7423671c34dc230a7334,cross_repository_in_program,1,4,7,4041,1490445,3390,1494493
aiq-gpu-docs,230319203f9aefef77584ccb30688c774521999d,cross_repository_in_program,1,4,8,3716,1508004,2540,1511728
aiq-gpu-docs,b7c71999b3474954c5c393f07d43cd57d7341089,cross_repository_in_program,1,14,26,22803,5468681,15758,5491510
aiq-gpu-docs,bbe208b001ea8d596101e3407635dddd9acf212c,cross_repository_in_program,1,1,2,1800,401504,1818,403306
aiq-gpu-docs,e4cfe04f46802e405edb3a0f901e250bfa913d66,cross_repository_in_program,1,16,30,26441,6658034,14488,6684505
aiq-gpu-docs,c82f305dfe4845b7e3817b859927fdebef3cd837,cross_repository_in_program,1,8,15,14464,3467702,5723,3482181
aiq-gpu-docs,d6aa5d39b89098bea23297f2a3eb643b38b2847b,cross_repository_in_program,1,9,16,6114,4021357,3904,4027487
aiq-gpu-docs,54784dc5fbdeccfbd378148e0d8a8d9b6d8d9cb1,cross_repository_in_program,1,7,13,4128,3162614,3114,3166755
aiq-gpu-docs,38f5619bad6883e2f460a9ab07bb66ba9cf11216,cross_repository_in_program,1,15,29,7804,6865848,5452,6873681
aiq-gpu-docs,ff2263ebea75af87d7beabc9604d033f82c64e2c,cross_repository_in_program,1,2,4,2647,926458,1094,929109
aiq-gpu-docs,b462878c1296fb6f5508669d68e98ba7d73b0f5c,cross_repository_in_program,1,48,90,59180,23648670,27768,23707940
aiq-gpu-docs,9128c016b4f1d1f9d7a6042e5c1f026296750f38,cross_repository_in_program,1,12,22,9173,6336315,6369,6345510
aiq-gpu-docs,501996655029ae470d82ae4b82e401aa5ee1b16c,cross_repository_in_program,1,15,28,14399,8080460,6958,8094887
aiq-gpu-docs,7bf6e57adcb3eaeb250b7b5dc306f4cdd2dbc921,cross_repository_in_program,1,5,9,9648,2750617,4833,2760274
aiq-gpu-docs,c6662b9cbedd412d6e78d760ed5c2cd7ea0c7a67,cross_repository_in_program,1,10,19,15301,5650068,6684,5665388
aiq-gpu-docs,5667522e9c8c09efaf27a10abdb497b079e39c34,cross_repository_in_program,1,2,4,1350,1145546,2650,1146900
aiq-gpu-docs,5e4875a1dd7b2e6a6b483aa425e1191bf7a0798b,cross_repository_in_program,1,9,17,10344,5213752,5644,5224113
aiq-gpu-docs,1e338e097dfefc9c03f2df0d0db0c38cb6364d06,cross_repository_in_program,1,12,22,14475,7083817,10767,7098314
aiq-gpu-docs,85572dde624c7f73780a7984b7c605cd87a81cc2,cross_repository_in_program,1,11,20,10618,6632287,6591,6642925
aiq-gpu-docs,4d9ef7de5d5a1a2427f223fab5fab77f98c90b7e,cross_repository_in_program,1,16,30,14994,9855287,9775,9870311
aiq-gpu-docs,3cd8997f217435da4ee7037f861ee063a2aefffc,cross_repository_in_program,1,2,4,3059,1250229,1971,1253292
aiq-gpu-docs,c2e1f2c5e9675cbdb77de6183112976d7001bb01,cross_repository_in_program,1,2,3,1121,1255488,1874,1256612
aiq-gpu-docs,3fd62ca77b777d74ecc7ff5b56f1721af5e9c3f1,cross_repository_in_program,1,16,30,15551,10174439,11789,10190020
aiq-gpu-docs,cc582b4d2bb6628c26f2dcf6b19ab8ad430fd608,cross_repository_in_program,1,6,11,6378,3878664,4956,3885053
aiq-gpu-docs,aed7bd830ef14e6105f8a1ec66bb864adea6a404,cross_repository_in_program,1,5,9,8998,3272551,6191,3281558
aiq-gpu-docs,46e51828c6e5fce2520973ccaec29301458497e0,cross_repository_in_program,1,3,6,2709,1981123,2744,1983838
aiq-gpu-docs,b5233d515a31560cd28a5ee4ce47cbf005af448c,cross_repository_in_program,1,8,15,12110,5359881,5673,5372006
aiq-gpu-docs,183b425753b418d96cb9c7e50ca0d9b9651b428c,cross_repository_in_program,1,1,2,1018,674310,1428,675330
aiq-gpu-docs,a3e4a10a5f1551f85d3698f4a28e62816180db16,cross_repository_in_program,1,7,13,15053,4766757,8542,4781823
aiq-gpu-docs,3306e760f97f66134a5bbd603a458070c4e23704,cross_repository_in_program,1,6,11,5991,4157995,5195,4163997
aiq-gpu-docs,0d2ec74ee7d70f52b2fde07247370e16f935201b,cross_repository_in_program,1,7,13,9240,4901059,6727,4910312
aiq-gpu-docs,dc08ebf4e20d2b2fffd1fdb7d22fdf9f876678e2,cross_repository_in_program,1,1,2,1094,705612,1503,706708
aiq-gpu-docs,fe75446b5a6025c2f7932c536b19ca4646d3cf3d,cross_repository_in_program,1,33,62,23946,23701164,17548,23725172
aiq-gpu-docs,bdac19c7605d35cc85c47880d900b99958dc1fb9,cross_repository_in_program,1,9,16,7185,6606320,5019,6613521
aiq-gpu-docs,737a84722dfe77cb01197b7f755548e55f558911,cross_repository_in_program,1,7,13,10382,5194413,7148,5204808
aiq-gpu-docs,2ed6abb78cb39206df72fcbedd811695fd699b4b,cross_repository_in_program,1,17,32,15361,12858595,11296,12873988
aiq-gpu-docs,8869bd1b7594026ceb530c7c3149246030a8b8f0,cross_repository_in_program,1,1,2,1268,763580,1542,764850
aiq-gpu-docs,68aa0ad86acd1c1cfdf8792952f2a8bfc066c834,cross_repository_in_program,1,6,11,7686,4610151,5579,4617848
aiq-gpu-docs,9e79e12a8a32d1e0f3df0703a352fbd6f1987579,cross_repository_in_program,1,5,9,7321,3877317,4266,3884647
aiq-gpu-docs,e21ac2982bb9e5929f1fdb2fd1ac45eef5f8e8ea,cross_repository_in_program,1,2,4,2452,1560415,2152,1562871
aiq-gpu-docs,b816257ed49ebc526fdb2c2d14f8a37348f4888a,cross_repository_in_program,1,20,37,18449,15801585,13559,15820071
aiq-gpu-docs,a78d348831c9010cc1f61ff92055115e92d98fe7,cross_repository_in_program,1,5,10,4313,4011271,2957,4015594
aiq-gpu-docs,4bed4dd30d7c5b8491aae57e50884f068b63fb2a,cross_repository_in_program,1,16,29,15633,13000304,11130,13015966
aiq-gpu-docs,cd1a3a7ef8edff4f328cbb3ea4cf387005fe9c1b,cross_repository_in_program,1,6,12,3403,4933235,4397,4936650
aiq-gpu-docs,07f19f7e4f4e833125e8330cedd27b8e7b78fdb0,cross_repository_in_program,1,2,3,3146,1650897,743,1654046
aiq-gpu-docs,9bc543a37a12bbefe014375ebbaef3a3313f07a5,cross_repository_in_program,1,9,17,10213,7498261,7918,7508491
aiq-gpu-docs,459ce478d19fdd97aa1e704ee20507c2eb0f1083,cross_repository_in_program,1,3,6,1820,2514449,1301,2516275
aiq-gpu-docs,78989ddc4024d22fe5fb5f68aed22506508245e0,cross_repository_in_program,1,7,13,7391,5896388,5960,5903792
aiq-gpu-docs,d28df6f06fb549baa21989c1b0d24997dd351396,cross_repository_in_program,1,6,11,9445,5103742,5074,5113198
aiq-gpu-docs,c01485d3bdb8f9300f6ed8ec05179a1f8239899e,cross_repository_in_program,1,10,19,8148,8598910,5598,8607077
aiq-gpu-docs,64ef984d1e37c0d5523d44e899082315f7939f52,cross_repository_in_program,1,1,2,1013,864268,1150,865283
aiq-gpu-docs,5073cb3f2c2950723b4cc1c8eb63926ad1d1f6df,cross_repository_in_program,1,5,9,2931,4334103,3501,4337043
aiq-gpu-docs,34a010fe5f5abbdfcc3b25d1fb83f42675191c7b,cross_repository_in_program,1,5,9,4761,4353201,3196,4357971
aiq-gpu-docs,c86f702dce0f0c20effccda3231a415d1308315c,cross_repository_in_program,1,17,32,19047,15023446,11687,15042525
aiq-gpu-docs,d8a0eb309f2bd495f33199edb03e1079bda89887,cross_repository_in_program,1,1,2,652,892020,1056,892674
aiq-gpu-docs,5a509ba9d83c204cfb682376f274ae704e748152,cross_repository_in_program,1,2,4,2633,1786454,2850,1789091
aiq-gpu-docs,f8537ce50defddffd184bce88a6274da6c9bfa1c,cross_repository_in_program,1,6,11,10781,5406965,8693,5417757
aiq-gpu-docs,ad86a2f7674b38457e453957ad0cdde5536c2be2,cross_repository_in_program,1,2,3,1707,1812975,2107,1814685
aiq-gpu-docs,50c48b0e2459f28760d54ef70f331a00197dad8a,cross_repository_in_program,1,1,2,1316,907793,376,909111
aiq-gpu-docs,5494432d9a1aa97593493a6e084137bb90f90a24,cross_repository_in_program,1,3,6,4908,2733111,3176,2738025
aiq-gpu-docs,e19e87b480a5306777795fc4e46cccd6dcba7b44,cross_repository_in_program,1,1,2,537,914017,684,914556
aiq-gpu-docs,3b1d85f2e2feb7af4b78c62bd6fe7a9c5f52c1db,cross_repository_in_program,1,8,14,9140,7350326,5955,7359480
aiq-gpu-docs,6299762f0c6d29389bb7364bd40a501abb175cc4,cross_repository_in_program,1,9,17,8534,8354901,6850,8363452
aiq-gpu-docs,5cfbf07218b15189533ada798354cbfb675e1a1f,cross_repository_in_program,1,10,19,9597,9365396,6877,9375012
aiq-gpu-docs,b23f8460d6f7a631cf96064478495b228884ec60,cross_repository_in_program,1,3,5,1628,2827359,2476,2828992
aiq-gpu-docs,dddaf03b17932b31b76553c6946588c9e75f33dc,cross_repository_in_program,1,4,8,5078,3781207,4310,3786293
aiq-gpu-docs,522e733daf28cb8b2ecbf98f40b5549bd9b816d6,cross_repository_in_program,1,3,5,3618,2851049,1017,2854672
aiq-gpu-docs,ea6ffa447bd4382a7d71859e30ced9fd5dc221d0,cross_repository_in_program,1,6,11,6117,5726750,3589,5732878
aiq-gpu-docs,3937cb9dd348c985df6c0539e6332339d0835e99,cross_repository_in_program,1,4,8,6001,3844182,4944,3850191
aiq-gpu-docs,6308358ec6a4caf0a393e5fb4b5ec55633f8422e,cross_repository_in_program,1,21,39,15562,20403894,10519,20419495
aiq-gpu-docs,b6e677d3860075f80f8d1aa76e5723aa074ad484,cross_repository_in_program,1,1,2,363,979829,1027,980194
aiq-gpu-docs,9988bebb5b6f9ac318083995107524bdf80e8fa2,cross_repository_in_program,1,3,5,3678,2944333,3767,2948016
aiq-gpu-docs,9d244bfa1d4609e3c6ec1a24c1ef6a53a6d9899c,cross_repository_in_program,1,4,8,5044,3944624,3006,3949676
aiq-gpu-docs,abf63e105487225d55fabc991ed8790ef44b33f6,cross_repository_in_program,1,2,3,1772,1978531,2109,1980306
aiq-gpu-docs,1f68244d7663897507501e212bf4c943f42aec80,cross_repository_in_program,1,1,2,1463,990686,1472,992151
aiq-gpu-docs,638012b8191a435ed81de5e2d1a06937d942e820,cross_repository_in_program,1,19,36,42419,7608570,9492,7651025
aiq-gpu-docs,a8fedb5d8362b9085953eff4477a1a64df4b4fa0,cross_repository_in_program,1,1,2,789,59816,250,60607
aiq-gpu-docs,e571299b66fd80c9c8f2b804a10cb3e5c42ed1bf,cross_repository_in_program,1,2,4,916,121753,553,122673
aiq-gpu-docs,351ee0a10a7aaddfb57e84e33e1bd3ecdbe05e9d,cross_repository_in_program,1,1,2,382,61521,447,61905
aiq-gpu-docs,e2bc8f150cdd32efe7ac165b319eb18cdfef24c2,cross_repository_in_program,1,7,13,7186,454584,4350,461783
aiq-gpu-docs,e96c4ab581141776352e2fe1af15edac0ddaf40c,cross_repository_in_program,1,10,19,22175,756680,8270,778874
aiq-gpu-docs,00e0d250bd6b2905f6da97bc6ba7ea7646373b8c,cross_repository_in_program,1,19,35,44399,2165688,30881,2210122
aiq-gpu-docs,fa9f0250713f3df3d5720e8dcd97885b5350661e,cross_repository_in_program,1,26,49,32202,3976221,17293,4008472
aiq-gpu-docs,b2e47c5af13ae44ef01d712d928f0f076249eb6b,cross_repository_in_program,1,11,20,13984,1915201,7086,1929205
aiq-gpu-docs,22f8c7d057b6470876a71e0f8078cff37a786be7,cross_repository_in_program,1,21,40,23708,4074734,15682,4098482
aiq-gpu-docs,b5ddf97cef9f57767de36f1ad2d7e2bd8feb5c52,cross_repository_in_program,1,3,5,3300,618685,2975,621990
aiq-gpu-docs,553d7a7f2a19eff28cd4b9381bcc13e18a64a9eb,cross_repository_in_program,1,2,4,955,418056,4322,419015
aiq-gpu-docs,125e618b772dbd1800fbd6d1b85133d5c54cf2b0,cross_repository_in_program,1,20,37,43968,4647862,29396,4691867
aiq-gpu-docs,cc6823d4f6d71c948315513255eef6bfbf050016,cross_repository_in_program,1,2,4,1725,508005,1422,509734
aiq-gpu-docs,8b67d54aa0c14e70253b6f20690a43cc6a24acc7,cross_repository_in_program,1,3,5,3202,768507,2493,771714
aiq-gpu-docs,5a745a3c3aaf94acd2028529973c6c3318760c73,cross_repository_in_program,1,3,6,2633,778244,2022,780883
aiq-gpu-docs,b1b92dc82ab2d9b648741e0266810f13d7854a00,cross_repository_in_program,1,18,33,24953,4954750,15806,4979736
aiq-gpu-docs,d7ecad7e6a906bd68f692d7f10e76e921cd15435,cross_repository_in_program,1,11,21,11341,3212470,8599,3223832
aiq-gpu-docs,2aea9f895c78d78106aa84f172b55d4bc6a8d189,cross_repository_in_program,1,5,9,7551,1500042,4062,1507602
aiq-gpu-docs,501b244022d8db6d16bf02fb964235dea1fd0adc,cross_repository_in_program,1,8,15,8171,2477451,4253,2485637
aiq-gpu-docs,4f01a8967b337899a503056aa44ee8a0276acfb2,cross_repository_in_program,1,12,22,12696,3813891,7672,3826609
aiq-gpu-docs,badf355e6c992cd81cc77a7e654cdb9412f3053b,cross_repository_in_program,1,3,6,2927,979560,2932,982493
aiq-gpu-docs,95ee8de0f8adebe92bea5217d759fb2f6de945f9,cross_repository_in_program,1,3,5,1404,988591,1498,990000
aiq-gpu-docs,79b94702b1e215e21661d8a96a43433228a918b2,cross_repository_in_program,1,3,6,3533,994021,1972,997560
aiq-gpu-docs,442e86a97323ff7d3ea39b6ebcb048b555f99af6,cross_repository_in_program,1,10,18,14360,3411310,7935,3425688
aiq-gpu-docs,86e30f54d656a6e30a1e0331c4d6db8b90ff4616,cross_repository_in_program,1,4,7,4513,1397616,3936,1402136
aiq-gpu-docs,5edb2e84894dbb8b478d46fa09ba46135256c38b,cross_repository_in_program,1,2,4,2629,706281,2614,708914
aiq-gpu-docs,6381deb34ff624e74d830f411cf2a8de78315b04,cross_repository_in_program,1,13,24,19728,4773403,10084,4793155
aiq-gpu-docs,a21637178cd92b0dab9cd4b28ef39df1d206ed3a,cross_repository_in_program,1,5,9,3421,1884078,3562,1887508
aiq-gpu-docs,39ee240a14373afba3b9e78355e5a3df125201a8,cross_repository_in_program,1,4,8,6123,1524437,4141,1530568
aiq-gpu-docs,4a79e45768f5810fbc763a5600b227cfa6f94523,cross_repository_in_program,1,13,24,19628,5119669,11097,5139321
aiq-gpu-docs,f61e19e47a0a4bbcee9fcb75a21afbc4383a6067,cross_repository_in_program,1,5,9,3642,2029414,4178,2033065
aiq-gpu-docs,528a7f8babb00a54f75630db3217d8f4ca1a3580,cross_repository_in_program,1,3,6,4567,1229290,2242,1233863
aiq-gpu-docs,c79b078591a01e78e802f719ab91fbc28cd57d49,cross_repository_in_program,1,9,16,15666,3783471,10040,3799153
aiq-gpu-docs,57e4f0269503b391caee939814ad9d1aff1cbf04,cross_repository_in_program,1,41,76,50813,18603964,34207,18654853
aiq-gpu-docs,b4b5876286b59fddef796b81dfa5b1b71272f4e5,cross_repository_in_program,1,8,15,10369,3865943,7002,3876327
aiq-gpu-docs,ea215ab62785f33f8b086ae37f5afd75ba09c43f,cross_repository_in_program,1,11,20,16675,5467790,8982,5484485
aiq-gpu-docs,21a0f132ba56150e58ee01e4b9f4948503b16b30,cross_repository_in_program,1,18,34,16797,9251236,10497,9268067
aiq-gpu-docs,33e7947798eb4ca826f73e4dc1b564e3388c147c,cross_repository_in_program,1,18,33,18171,9576771,10986,9594975
aiq-gpu-docs,e0c1dbcbf84c8d188fbb217bc6f1c4bebc575a5d,cross_repository_in_program,1,15,28,15479,8219938,9736,8235445
aiq-gpu-docs,7b2efd83ca4c03bf1e2be79a8087ad61bfe7bab8,cross_repository_in_program,1,7,13,7634,3918774,5529,3926421
aiq-gpu-docs,d0f0f58a4239813d673d1f1a99fe07eb4041f73d,cross_repository_in_program,1,17,31,17324,9736204,10908,9753559
aiq-gpu-docs,af16700ac3af093025247100ab1ca6f2d4c38e15,cross_repository_in_program,1,12,23,10949,7038040,7955,7049012
aiq-gpu-docs,04eadfa1298cb39116125a76096a939c9dbcccc4,cross_repository_in_program,1,10,18,11070,5971408,7669,5982496
aiq-gpu-docs,24740902908b3be02032887a1198f6845a57c8c1,cross_repository_in_program,1,10,19,9276,6085309,5994,6094604
aiq-gpu-docs,991ea1935c8d813603b14c0ebac54e67a8207a33,cross_repository_in_program,1,9,17,13160,5551324,6719,5564501
aiq-gpu-docs,55e398786a075632d8280ae9157422a65da8144f,cross_repository_in_program,1,13,24,15398,8246976,9039,8262398
aiq-gpu-docs,5a28b4b2d983e30041f2d7cd247fa58d9afa9251,cross_repository_in_program,1,5,9,4149,3215694,3726,3219852
aiq-gpu-docs,f18cbf5c67fd90c48fdf4d7dca84910ac31c158d,cross_repository_in_program,1,12,22,15704,7820518,9819,7836244
aiq-gpu-docs,e8abe0d4f2a4ff470df96cb403cbd2c61d62706b,cross_repository_in_program,1,33,61,40617,22466226,28207,22506904
aiq-gpu-docs,9f8dfd5186af5a33908ed598fbbb4be17066bdbc,cross_repository_in_program,1,7,13,9848,4935752,7140,4945613
aiq-gpu-docs,5c1083e5cbd365c814212c6325755fdbeec11be2,cross_repository_in_program,1,14,27,14047,10057084,8948,10071158
aiq-gpu-docs,6f960ff269f0e87118e250e329851c32080785bd,cross_repository_in_program,1,8,15,7762,5832669,5355,5840446
aiq-gpu-docs,6254b0dc7ec9449078f636c4882d78f740159c2f,cross_repository_in_program,1,9,16,8195,6632020,5739,6640231
aiq-gpu-docs,2a4f5a06417da4a8477285b6b9c83ca59778eeeb,cross_repository_in_program,1,14,27,12019,10467953,9112,10479999
aiq-gpu-docs,d895eae8f5b8d77f4461b910b4bf977d16fd2b9c,cross_repository_in_program,1,13,24,16341,9903164,9266,9919529
aiq-gpu-docs,5a291d7930797da85218d002366ad99055480dbb,cross_repository_in_program,1,13,25,7662,10055784,6148,10063471
aiq-gpu-docs,b1179eca007a8cb3d7c5991e4b5ac292b329b516,cross_repository_in_program,1,7,13,5521,5461409,4642,5466943
aiq-gpu-docs,a7fb9045805d8ee054f860cd71ed3c8184d50260,cross_repository_in_program,1,7,13,11322,5525520,6209,5536855
aiq-gpu-docs,54f304be300a8569ed1587687086524ef0eda568,cross_repository_in_program,1,15,28,10711,11993169,7128,12003908
aiq-gpu-docs,7f9cde9378334a4529979c14916e3fe79a953711,cross_repository_in_program,1,8,15,6645,6466601,4998,6473261
aiq-gpu-docs,bd912f0a0027e13f86c322003a1602d1d21fa510,cross_repository_in_program,1,4,7,4334,3254535,3487,3258876
aiq-gpu-docs,2f752682ebd7aeb5fe3a2ea2f69024c27cd9446b,cross_repository_in_program,1,10,18,9555,8211137,6465,8220710
aiq-gpu-docs,830cbef72076af5626a13e93fcbd77a41252da0a,cross_repository_in_program,1,15,29,12905,12489480,9542,12502414
aiq-gpu-docs,ebb073e97c11f7fc9a74878325cf21ebb3402be8,cross_repository_in_program,1,8,15,5317,6728592,4257,6733924
aiq-gpu-docs,d065175d316c466098a53bb4e48cce8cb8011106,cross_repository_in_program,1,10,18,10035,8486288,8345,8496341
aiq-gpu-docs,ee5efa6bf354c89178762e2ab065605788152871,cross_repository_in_program,1,7,13,9406,6009255,6238,6018674
aiq-gpu-docs,545c2b9eb1144b59d2eb69c7373dedadede8613e,cross_repository_in_program,1,6,11,7112,5195001,5104,5202124
aiq-gpu-docs,95addbc5b137a39d3f7d8c21099246e9365c053b,cross_repository_in_program,1,1,2,578,870515,847,871095
aiq-gpu-docs,951efd138120705a19fe1e712039036927314cae,cross_repository_in_program,1,25,46,25754,22128471,16791,22154271
aiq-gpu-docs,9b085eeb6eaa78d59310e9428a6d02234c919acc,cross_repository_in_program,1,6,11,5269,5395810,4494,5401090
aiq-gpu-docs,ec5b83fdbcb7d914b7f7743c8cc844c502246d8e,cross_repository_in_program,1,4,8,3553,3614238,2364,3617799
aiq-gpu-docs,853ebb8d9fb89f071566cc1906cf5647f3405c37,cross_repository_in_program,1,8,15,5540,7263563,4697,7269118
aiq-gpu-docs,f28c784b54644559047a0cc544753c13f9a07d6e,cross_repository_in_program,1,4,7,3927,3650909,1986,3654843
aiq-gpu-docs,aa88078b4c144ddde4bfc2e62271c51676186009,cross_repository_in_program,1,12,23,11676,11056184,7691,11067883
aiq-gpu-docs,fb55c27552e25f43cf1180d73103cb5f09e8b24f,cross_repository_in_program,1,8,15,7397,7439802,4927,7447214
aiq-gpu-docs,b39f8884f76f36a2366723d5998cb9cb5d58d15e,cross_repository_in_program,1,6,11,5729,5616184,3880,5621924
aiq-gpu-docs,9f94d7f357e5482b72a1b6401cf2fd2c9aeb828b,cross_repository_in_program,1,1,2,613,939938,581,940553
aiq-gpu-docs,b508843c4efc38009066cbecb5c86c69d9c06dca,cross_repository_in_program,1,2,3,2530,1881691,2630,1884224
aiq-gpu-docs,731005e9f543a723dc8dfacbe1e68e013d767a64,cross_repository_in_program,1,10,19,10381,9484814,7492,9495214
aiq-gpu-docs,141e1f90231c0303c7c09530f6f5d6ff4b9efc4b,cross_repository_in_program,1,1,2,823,953462,952,954287
aiq-gpu-docs,0573e2022b5a320da8dabb6037fc3e93c0149ff5,cross_repository_in_program,1,13,24,14285,12506898,9711,12521207
aiq-gpu-docs,fe1a539fa3059c643c375bd93523be4baa656b11,cross_repository_in_program,1,7,13,6686,6800072,4840,6806771
aiq-gpu-docs,88bd06ffda9bca780fd34434cd80e6bdc2bb1b66,cross_repository_in_program,1,4,7,3313,3905860,2440,3909180
aiq-gpu-docs,3072cbb8c78eb7b88664059f2d910e06046d9968,cross_repository_in_program,1,6,11,6773,5891387,5174,5898171
aiq-gpu-docs,0e24915e416ed6dcf7231a0cd0fd10d9cc80e5cc,cross_repository_in_program,1,7,13,7061,6920374,5278,6927448
aiq-gpu-docs,4ed924c30fe091aba559a372ced866762f546e1c,cross_repository_in_program,1,1,2,530,992403,1035,992935
aiq-gpu-docs,844aa9c8206d1adfb1290218ff6480ddcbdfaa51,cross_repository_in_program,1,6,11,6389,5974308,4671,5980708
aiq-gpu-docs,bbad641bc959095e98228d5e5a7683b53f9898d0,cross_repository_in_program,1,11,21,35887,561242,7065,597150
aiq-gpu-docs,946553c86338a9e1e250f5c88c06abc26a4c1516,cross_repository_in_program,1,47,86,62618,4328250,33584,4390954
aiq-gpu-docs,614657c1e16be9c43679056c22a8c1e2a1751ba5,cross_repository_in_program,1,13,24,17418,1703423,11605,1720865
aiq-gpu-docs,79ece33db24fce3421209382d10e3e8070d04198,cross_repository_in_program,1,25,45,37951,4024305,23408,4062301
aiq-gpu-docs,e75a2da91690b5f7b68bd53db8bb98ccfa233606,cross_repository_in_program,1,27,50,36185,5323038,22963,5359273
aiq-gpu-docs,adf714e43a364cb17a5f027bf1366cd3f752285f,cross_repository_in_program,1,4,7,3709,862276,2562,865992
aiq-gpu-docs,0617d12bfaad4bce62cb6b5bff7d42a0c9716586,cross_repository_in_program,1,2,4,3054,437846,3845,440904
aiq-gpu-docs,6d835ff8b7c605c49d80cda27c524866a9cd0568,cross_repository_in_program,1,12,22,14102,2738896,10342,2753020
aiq-gpu-docs,0879a22bb47b7acc4c18ffc872f37b0ebbb766ca,cross_repository_in_program,1,14,26,21051,3436329,11958,3457406
aiq-gpu-docs,31becb98e08913e5fb88a0d141183fc108e91028,cross_repository_in_program,1,15,27,22855,4001950,15086,4024832
aiq-gpu-docs,b56063768c4f2a31bd9660be4790f7d5e3958de9,cross_repository_in_program,1,3,6,3772,842107,3714,845885
aiq-gpu-docs,e51e0fbbb6417ca95f3e851c4572247d4e9f89a6,cross_repository_in_program,1,4,7,3769,1137353,2715,1141129
aiq-gpu-docs,92f6a3735992c71080353b31f9d927ac4b024686,cross_repository_in_program,1,4,7,7675,1159392,3750,1167074
aiq-gpu-docs,c507a2cd764ea58eed656987a52fd12c760b2620,cross_repository_in_program,1,14,26,16517,4234244,10036,4250787
aiq-gpu-docs,57caa138b6e81a01a1a98aa8ed40ab8629aa7d47,cross_repository_in_program,1,8,14,21097,2541740,7134,2562851
aiq-gpu-docs,81161ab2bd592154a8a5f96d3b37ae0adeacfa23,cross_repository_in_program,1,7,13,15462,2359299,11378,2374774
aiq-gpu-docs,a580ebdb067452a1e6c2b6c31363d64e74fcf996,cross_repository_in_program,1,15,28,14606,5339129,8888,5353763
aiq-gpu-docs,11f4d8d3375b692802693efd518cce89e3f828c7,cross_repository_in_program,1,8,15,6265,2924089,4482,2930369
aiq-gpu-docs,af320da3effa0d05197ee3c4b57d8de25e04fc5c,cross_repository_in_program,1,6,11,4096,2220729,3063,2224836
aiq-gpu-docs,007d6e2bc82a4b0b4d6f59eefca0e0be6c4789df,cross_repository_in_program,1,6,11,4822,2246976,3359,2251809
aiq-gpu-docs,1d2406502b8964c06510aaab1ab7ad581dac528c,cross_repository_in_program,1,2,4,2010,755420,2637,757434
aiq-gpu-docs,60721b9a6f122fe6c3e8a1dbdbf8f15e0e0b78c0,cross_repository_in_program,1,17,31,17490,6599646,11737,6617167
aiq-gpu-docs,9d851ebc2aaf0c7eb23b9fcd958bb25dc05054cc,cross_repository_in_program,1,8,15,9955,3213457,6748,3223427
aiq-gpu-docs,d07b74700424a959cc45e05b52e14356852e7d57,cross_repository_in_program,1,3,6,3229,1223266,2907,1226501
aiq-gpu-docs,6e38b8786e9f569bfc0f2f613ad4555373bf8ca1,cross_repository_in_program,1,6,11,9813,2486304,7324,2496128
aiq-gpu-docs,7095ed301ce9f20e24e512d4fda7a1bf86c50aa5,cross_repository_in_program,1,12,22,12885,5114721,7834,5127628
aiq-gpu-docs,26fb70f673e26a5741b29c0d58fb28a438f96fc0,cross_repository_in_program,1,1,2,583,432820,871,433405
aiq-gpu-docs,e1d2bcf312a6f1822202780504f173e57083362b,cross_repository_in_program,1,6,11,9915,2625018,7744,2634944
aiq-gpu-docs,fa4e3fe9921bba7de47f6fb84332fee32531d665,cross_repository_in_program,1,6,11,9472,2688881,5218,2698364
aiq-gpu-docs,8858af5a14fbe662f3f3a99f4b466adee684411c,cross_repository_in_program,1,2,4,2114,906445,3100,908563
aiq-gpu-docs,41b8c5997979c30b9cebd9b397014277b68b6b75,cross_repository_in_program,1,9,16,14368,4155378,9727,4169762
aiq-gpu-docs,1d01f1c07637b14e9e59151d231e36b0b9093d4e,cross_repository_in_program,1,11,20,19777,5270249,13193,5290046
aiq-gpu-docs,8264e6114764422bf503c9f495337bbad4a9be3e,cross_repository_in_program,1,4,8,5730,1964476,5399,1970214
aiq-gpu-docs,a15b0431d4030ec9a0cf9d38f071e841d9404a8a,cross_repository_in_program,1,9,16,10102,4498970,7394,4509088
aiq-gpu-docs,4a61c3c4a6e91409a85a09ceba1e20b1f9a1e79c,cross_repository_in_program,1,2,4,2367,1011388,2080,1013759
aiq-gpu-docs,5c2c8ba4a835310563b04346072f23009ea326a5,cross_repository_in_program,1,3,5,3146,1525085,2674,1528236
aiq-gpu-docs,f83e46ba57e9f40e2e131cfabe45c448dc950d52,cross_repository_in_program,1,10,19,12740,5153968,8586,5166727
aiq-gpu-docs,5a884f23f28cf775a181ce43fa37fecf5986d82e,cross_repository_in_program,1,14,26,19409,7462433,13770,7481868
aiq-gpu-docs,0980b159a8b9905a518f1ea7dd9ad0c815bf239d,cross_repository_in_program,1,7,13,10522,3822745,9629,3833280
aiq-gpu-docs,dcc6f89b40b5f4c0c6c28e0fd105e1311d0cbc68,cross_repository_in_program,1,4,7,7935,2227418,4738,2235360
aiq-gpu-docs,79e6bda9fd26737fe72cb89faba0d8e1ef962e8d,cross_repository_in_program,1,9,16,15508,5118341,8644,5133865
aiq-gpu-docs,ee02ecf1b6daa0f9b9fa639d889edd05178e85b6,cross_repository_in_program,1,11,21,12994,6414555,7796,6427570
aiq-gpu-docs,f512ce0ede6c5a85c8e7596c69b6ca95796e8942,cross_repository_in_program,1,3,5,3393,1771634,2615,1775032
aiq-gpu-docs,583d8e5b6b69d4dd1df7abfa8dddc824a4ca25da,cross_repository_in_program,1,2,4,3579,1187392,2732,1190975
aiq-gpu-docs,ca44721e52bdd9db3ec76f96d49f1b53045f35c2,cross_repository_in_program,1,21,39,22162,12775278,16562,12797479
aiq-gpu-docs,5119fb44604e7fc3e905499e35ac98b97211905e,cross_repository_in_program,1,6,10,6538,3727499,5606,3734047
aiq-gpu-docs,5c2587fd169d1551f27798fe1fa79d7594a6e249,cross_repository_in_program,1,7,13,7402,4398753,4847,4406168
aiq-gpu-docs,8e2084f4a356ae45f45e3aecea045f7c015c9809,cross_repository_in_program,1,3,6,3236,1899669,2644,1902911
aiq-gpu-docs,011eef65e87817bf6da80012f604d42590708743,cross_repository_in_program,1,2,3,2886,1272617,3418,1275506
aiq-gpu-docs,08bcea36a17e5d1c648efd2072967ab9ca1c5d8f,cross_repository_in_program,1,7,13,7981,4493481,6841,4501475
aiq-gpu-docs,cf97d4c6ac9b122e6a4db832e0a3ae3d8de4ba17,cross_repository_in_program,1,4,8,7931,2600905,5458,2608844
aiq-gpu-docs,dcae38c7558ed10a89edd9450e0a8ad977b30515,cross_repository_in_program,1,4,7,6354,2629556,2807,2635917
aiq-gpu-docs,463b95be0a533f03cf6c6b33dff5f90cedbb1c5a,cross_repository_in_program,1,11,20,14899,7347855,9474,7362774
aiq-gpu-docs,2e7c8b629dd5712eccb24d34c6f0844081407b8f,cross_repository_in_program,1,6,11,8960,4079906,6254,4088877
aiq-gpu-docs,54290da323efe4ce04da334b7d12e10d6d7ea3f5,cross_repository_in_program,1,2,4,1332,1370159,1993,1371495
aiq-gpu-docs,d1af49ad28979fa89c6bbc083085af8bfe0ff361,cross_repository_in_program,1,5,9,5850,3444280,4390,3450139
aiq-gpu-docs,3d43005265ed7ff87082534fe792628d86a21833,cross_repository_in_program,1,7,13,8095,4870323,6056,4878431
aiq-gpu-docs,8d022b1cf73125ca1a38b9123409fd01b2bea0eb,cross_repository_in_program,1,3,6,2553,2102211,3251,2104770
aiq-gpu-docs,a9287795f51152e21240f1f9a5747ac4c7ccda1e,cross_repository_in_program,1,1,1,1440,702653,1221,704094
aiq-gpu-docs,7827eed68edec2b665f9f9230ea0a367c0510410,cross_repository_in_program,1,5,10,4580,3529808,3874,3534398
aiq-gpu-docs,79b2df7860d47a5f4610f9f0a0db620d86bfc546,cross_repository_in_program,1,3,5,8014,2134883,5120,2142902
aiq-gpu-docs,299f7875223f0da3dcc3b24a71358ee299e016cd,cross_repository_in_program,1,13,24,22085,9448587,12568,9470696
aiq-gpu-docs,6592f514614fb3d026b191b55978ab81cd5112be,cross_repository_in_program,1,3,6,2845,2218581,4139,2221432
aiq-gpu-docs,289800c17622559c5957f5a6b4b1f6745a5ea784,cross_repository_in_program,1,4,7,6264,2977139,4353,2983410
aiq-gpu-docs,77721351e0de9fe3c3f7b37226be1412b19943ce,cross_repository_in_program,1,19,35,23940,14441326,15196,14465301
aiq-gpu-docs,6e993a45c2e0cbbeaca9df14f044fef8bdcd4a44,cross_repository_in_program,1,18,33,21414,14083750,18577,14105197
aiq-gpu-docs,7c98c3ddfb71380a2f6dedfc586d3384fb3a47d9,cross_repository_in_program,1,9,17,17246,7221477,10494,7238740
aiq-gpu-docs,0a41194ceedb0d0bf3ba8d481fa5965123720097,cross_repository_in_program,1,19,35,25290,15633175,20100,15658500
aiq-gpu-docs,0799801a4655d2e2478399bfbd46f572521fff9e,cross_repository_in_program,1,1,2,1239,835771,1192,837012
aiq-gpu-docs,dfc92f77b2cbda21f7a115e94278e110b9c30ceb,cross_repository_in_program,1,4,7,4981,3354497,4202,3359485
aiq-gpu-docs,bdfceb0c754c135f3334dbf5d53599395af76629,cross_repository_in_program,1,4,8,7074,3378328,4679,3385410
aiq-gpu-docs,efc559f928b87eb911bd60deeaa7da3e7b3e4cf3,cross_repository_in_program,1,3,5,3277,2550382,3800,2553664
aiq-dkps-formalization,c71ae6177de22d6ff586f34fc5ea91f1d052e3b7,primary_repository_not_in_included_history,1,129,258,403929,30189409,169729,30593596
aiq-dkps-formalization,2be1a40e112d33de778939f9194a35b5905a295a,primary_repository_not_in_included_history,1,57,114,293571,12968167,90040,13261852
