module,theory_id,classification_basis,notes
DavisKahan.BoundedOperator.Compat,dk_result_layer,human-reviewed exact module assignment,
DavisKahan.DoubleAngle.TanTwoThetaBranchFree,operator_angle_double_angle,human-reviewed exact module assignment,
DavisKahan.DoubleAngle.UnboundedIdeal,operator_angle_double_angle,human-reviewed exact module assignment,
DavisKahan.FiniteDimensional.DirectRotation.Basic,direct_rotation_two_projection,human-reviewed exact module assignment,
DavisKahan.FiniteDimensional.DirectRotation.ShortRotationCounterexample,direct_rotation_two_projection,human-reviewed exact module assignment,
DavisKahan.FiniteDimensional.Residual.AngleEmbeddings,residual_ritz_geometry,human-reviewed exact module assignment,
DavisKahan.FiniteDimensional.TanTheta.RitzResidual,residual_ritz_geometry,human-reviewed exact module assignment,
DavisKahan.Frontier.Core,dk_result_layer,human-reviewed exact module assignment,
DavisKahan.Frontier.Section3,dk_result_layer,human-reviewed exact module assignment,
DavisKahan.Frontier.Section3Real,dk_result_layer,human-reviewed exact module assignment,
DavisKahan.Frontier.Section8PartII,dk_result_layer,human-reviewed exact module assignment,
DavisKahan.Frontier.Section8PartIIReal,dk_result_layer,human-reviewed exact module assignment,
DavisKahan.Frontier.Section8Perturbation,dk_result_layer,human-reviewed exact module assignment,
DavisKahan.Frontier.Section8SourceDictionary,dk_result_layer,human-reviewed exact module assignment,
DavisKahan.Frontier.Section8SourceSurface,dk_result_layer,human-reviewed exact module assignment,
DavisKahan.Frontier.Section8SourceTheorem82,dk_result_layer,human-reviewed exact module assignment,
DavisKahan.Frontier.Section8SourceTheorem82Real,dk_result_layer,human-reviewed exact module assignment,
DavisKahan.Geometry.Angle.BasisAngleEnergy,operator_angle_double_angle,human-reviewed exact module assignment,
DavisKahan.Geometry.Angle.OperatorAngleComplex,operator_angle_double_angle,human-reviewed exact module assignment,
DavisKahan.Geometry.Angle.PaperDoubleAngle,operator_angle_double_angle,human-reviewed exact module assignment,
DavisKahan.Geometry.Angle.PaperOperatorAngle,operator_angle_double_angle,human-reviewed exact module assignment,
DavisKahan.Geometry.Angle.PaperOperatorAngleReal,operator_angle_double_angle,human-reviewed exact module assignment,
DavisKahan.Geometry.Angle.PaperTanAngle,operator_angle_double_angle,human-reviewed exact module assignment,
DavisKahan.Geometry.Angle.Proposition35Infinite,operator_angle_double_angle,human-reviewed exact module assignment,
DavisKahan.Geometry.Angle.Proposition35Nonacute,operator_angle_double_angle,human-reviewed exact module assignment,
DavisKahan.Geometry.Halmos.AngleSequenceRealization,direct_rotation_two_projection,human-reviewed exact module assignment,
DavisKahan.Geometry.Halmos.CompactClassification,direct_rotation_two_projection,human-reviewed exact module assignment,
DavisKahan.Geometry.Halmos.GenericPosition,direct_rotation_two_projection,human-reviewed exact module assignment,
DavisKahan.Geometry.Halmos.GenericRotationPredicates,direct_rotation_two_projection,human-reviewed exact module assignment,
DavisKahan.Geometry.Halmos.Realization,direct_rotation_two_projection,human-reviewed exact module assignment,
DavisKahan.Geometry.Halmos.TwoProjections,direct_rotation_two_projection,human-reviewed exact module assignment,
DavisKahan.Geometry.Halmos.UnitaryEquivalence,direct_rotation_two_projection,human-reviewed exact module assignment,
DavisKahan.Geometry.Polar.DirectRotation,direct_rotation_two_projection,human-reviewed exact module assignment,
DavisKahan.Geometry.Polar.DirectRotationReal,direct_rotation_two_projection,human-reviewed exact module assignment,
DavisKahan.Geometry.Polar.DirectRotationSquare,direct_rotation_two_projection,human-reviewed exact module assignment,
DavisKahan.Geometry.Polar.OperatorAbsoluteValue,direct_rotation_two_projection,human-reviewed exact module assignment,
DavisKahan.Geometry.Polar.Section3Nonacute,direct_rotation_two_projection,human-reviewed exact module assignment,
DavisKahan.InfiniteDimensional.DoubleAngle,operator_angle_double_angle,human-reviewed exact module assignment,
DavisKahan.OperatorIdeal.ApproximationNumbers.ScalarGeneric,operator_ideals_uinorms,human-reviewed exact module assignment,
DavisKahan.SinTheta.Bounded.Core,dk_result_layer,human-reviewed exact module assignment,
DavisKahan.SinTheta.BoundedPerturbation,dk_result_layer,human-reviewed exact module assignment,
DavisKahan.SinTheta.Canonical,dk_result_layer,human-reviewed exact module assignment,
DavisKahan.SinTheta.FrameFactorization,dk_result_layer,human-reviewed exact module assignment,
DavisKahan.SinTheta.FrameFactorizationGeneric,dk_result_layer,human-reviewed exact module assignment,
DavisKahan.SinTheta.Real.FrameFactorization,dk_result_layer,human-reviewed exact module assignment,
DavisKahan.SinTheta.Real.Generalized,dk_result_layer,human-reviewed exact module assignment,
DavisKahan.SinTheta.Unbounded.Core,dk_result_layer,human-reviewed exact module assignment,
DavisKahan.Sources.DavisKahan1970.AmbientBlockVocabulary,dk_result_layer,human-reviewed exact module assignment,
DavisKahan.Sources.DavisKahan1970.Directed,dk_result_layer,human-reviewed exact module assignment,
DavisKahan.Sources.DavisKahan1970.DirectedReal,dk_result_layer,human-reviewed exact module assignment,
DavisKahan.Sources.DavisKahan1970.DirectedUnboundedReal,dk_result_layer,human-reviewed exact module assignment,
DavisKahan.Sources.DavisKahan1970.FullPartIII,dk_result_layer,human-reviewed exact module assignment,
DavisKahan.Sources.DavisKahan1970.FullSineTheta,dk_result_layer,human-reviewed exact module assignment,
DavisKahan.Sources.DavisKahan1970.GeneralSinTheta,dk_result_layer,human-reviewed exact module assignment,
DavisKahan.Sources.DavisKahan1970.HeadlineGeneric,dk_result_layer,human-reviewed exact module assignment,
DavisKahan.Sources.DavisKahan1970.Ideals.HilbertSchmidt,dk_result_layer,human-reviewed exact module assignment,
DavisKahan.Sources.DavisKahan1970.PartIII,dk_result_layer,human-reviewed exact module assignment,
DavisKahan.Sources.DavisKahan1970.RemainingSourceSurface,dk_result_layer,human-reviewed exact module assignment,
DavisKahan.Sources.DavisKahan1970.Section2TanThetaPerturbation,dk_result_layer,human-reviewed exact module assignment,
DavisKahan.Sources.DavisKahan1970.Section3AcuteDirectRotation,dk_result_layer,human-reviewed exact module assignment,
DavisKahan.Sources.DavisKahan1970.Section3PrincipalSquareRoot,dk_result_layer,human-reviewed exact module assignment,
DavisKahan.Sources.DavisKahan1970.Section3Proposition34,dk_result_layer,human-reviewed exact module assignment,
DavisKahan.Sources.DavisKahan1970.Section3Proposition34Real,dk_result_layer,human-reviewed exact module assignment,
DavisKahan.Sources.DavisKahan1970.Section3Proposition35,dk_result_layer,human-reviewed exact module assignment,
DavisKahan.Sources.DavisKahan1970.Section4,dk_result_layer,human-reviewed exact module assignment,
DavisKahan.Sources.DavisKahan1970.Section4Real,dk_result_layer,human-reviewed exact module assignment,
DavisKahan.Sources.DavisKahan1970.Section5,dk_result_layer,human-reviewed exact module assignment,
DavisKahan.Sources.DavisKahan1970.Section6AppendixLeakage,dk_result_layer,human-reviewed exact module assignment,
DavisKahan.Sources.DavisKahan1970.Section6AppendixLeakageReal,dk_result_layer,human-reviewed exact module assignment,
DavisKahan.Sources.DavisKahan1970.Section8.SourceTheorem81,dk_result_layer,human-reviewed exact module assignment,
DavisKahan.Sources.DavisKahan1970.Section8.SourceTheorem81Real,dk_result_layer,human-reviewed exact module assignment,
DavisKahan.Sources.DavisKahan1970.SinTwoTheta,dk_result_layer,human-reviewed exact module assignment,
DavisKahan.Sources.DavisKahan1970.SinTwoThetaUnboundedDirectedResidual,dk_result_layer,human-reviewed exact module assignment,
DavisKahan.Sources.DavisKahan1970.SinTwoThetaUnboundedDirectedResidualReal,dk_result_layer,human-reviewed exact module assignment,
DavisKahan.Sources.DavisKahan1970.SinTwoThetaWholeSpace,dk_result_layer,human-reviewed exact module assignment,
DavisKahan.Sources.DavisKahan1970.SineTheta.CommonCore,dk_result_layer,human-reviewed exact module assignment,
DavisKahan.Sources.DavisKahan1970.SineTheta.CommonCoreTheorems,dk_result_layer,human-reviewed exact module assignment,
DavisKahan.Sources.DavisKahan1970.SineTheta.CommonDomain,dk_result_layer,human-reviewed exact module assignment,
DavisKahan.Sources.DavisKahan1970.SineTheta.CommonDomainTheorems,dk_result_layer,human-reviewed exact module assignment,
DavisKahan.Sources.DavisKahan1970.SineTheta.HeadlineGeneric,dk_result_layer,human-reviewed exact module assignment,
DavisKahan.Sources.DavisKahan1970.SineTheta.Lemma61,dk_result_layer,human-reviewed exact module assignment,
DavisKahan.Sources.DavisKahan1970.SineTheta.Norms.SingularValueTransport,dk_result_layer,human-reviewed exact module assignment,
DavisKahan.Sources.DavisKahan1970.SineTheta.Norms.UnitaryInvariantNorm,dk_result_layer,human-reviewed exact module assignment,
DavisKahan.Sources.DavisKahan1970.SineTheta.PaperSurface,dk_result_layer,human-reviewed exact module assignment,
DavisKahan.Sources.DavisKahan1970.SineTheta.ProjectionBlocks,dk_result_layer,human-reviewed exact module assignment,
DavisKahan.Sources.DavisKahan1970.SineTheta.Symmetric,dk_result_layer,human-reviewed exact module assignment,
DavisKahan.Sources.DavisKahan1970.SineTheta.SymmetricReal,dk_result_layer,human-reviewed exact module assignment,
DavisKahan.Sources.DavisKahan1970.SineTheta.Theorem61Universal,dk_result_layer,human-reviewed exact module assignment,
DavisKahan.Sources.DavisKahan1970.SineTheta.Theorem62,dk_result_layer,human-reviewed exact module assignment,
DavisKahan.Sources.DavisKahan1970.TanThetaUnboundedAmbient,dk_result_layer,human-reviewed exact module assignment,
DavisKahan.Sources.DavisKahan1970.TanThetaUnboundedAmbientReal,dk_result_layer,human-reviewed exact module assignment,
DavisKahan.Sources.DavisKahan1970.TanThetaWholeSpace,dk_result_layer,human-reviewed exact module assignment,
DavisKahan.Sources.DavisKahan1970.TanTwoThetaReflectionAmbient,dk_result_layer,human-reviewed exact module assignment,
DavisKahan.Sources.DavisKahan1970.TanTwoThetaUnboundedAmbientExact,dk_result_layer,human-reviewed exact module assignment,
DavisKahan.Sources.DavisKahan1970.TanTwoThetaUnboundedExact,dk_result_layer,human-reviewed exact module assignment,
DavisKahan.Sources.DavisKahan1970.TanTwoThetaUnboundedExactReal,dk_result_layer,human-reviewed exact module assignment,
DavisKahan.Sources.DavisKahan1970.TanTwoThetaUnboundedGramBridge,dk_result_layer,human-reviewed exact module assignment,
DavisKahan.Sources.DavisKahan1970.TanTwoThetaUnboundedGramMiddle,dk_result_layer,human-reviewed exact module assignment,
DavisKahan.Sources.DavisKahan1970.TanTwoThetaUnboundedKyFan,dk_result_layer,human-reviewed exact module assignment,
DavisKahan.Sources.DavisKahan1970.WholeSpaceReal,dk_result_layer,human-reviewed exact module assignment,
DavisKahan.SpectralTheory.AbstractSpectrum,unbounded_selfadjoint_spectral,human-reviewed exact module assignment,
DavisKahan.SpectralTheory.BoundedSelfAdjointSpectralProjection,borel_spectral_calculus,human-reviewed exact module assignment,
DavisKahan.SpectralTheory.ClosedOperator.Basic,unbounded_selfadjoint_spectral,human-reviewed exact module assignment,
DavisKahan.SpectralTheory.ClosedOperator.Complexification,real_complex_transfer,human-reviewed exact module assignment,
DavisKahan.SpectralTheory.ClosedOperator.MathlibBridge,unbounded_selfadjoint_spectral,human-reviewed exact module assignment,
DavisKahan.SpectralTheory.Complexification.BoundedGapProjection,real_complex_transfer,human-reviewed exact module assignment,
DavisKahan.SpectralTheory.Complexification.Subspace,real_complex_transfer,human-reviewed exact module assignment,
DavisKahan.SpectralTheory.OperatorAngle,operator_angle_double_angle,human-reviewed exact module assignment,
DavisKahan.SpectralTheory.Real.SpectralRestriction,unbounded_selfadjoint_spectral,human-reviewed exact module assignment,
DavisKahan.SpectralTheory.ReducingSubspace.Restriction,unbounded_selfadjoint_spectral,human-reviewed exact module assignment,
DavisKahan.SpectralTheory.SpectralRestriction,unbounded_selfadjoint_spectral,human-reviewed exact module assignment,
DavisKahan.SpectralTheory.SpectralRestrictionOperator,unbounded_selfadjoint_spectral,human-reviewed exact module assignment,
DavisKahan.Sylvester.ClosedSylvesterEquation,sylvester_intertwiner,human-reviewed exact module assignment,
DavisKahan.Sylvester.Gap,sylvester_intertwiner,human-reviewed exact module assignment,
DavisKahan.Sylvester.RealUnbounded,sylvester_intertwiner,human-reviewed exact module assignment,
DavisKahan.Sylvester.ScalarGeneric,sylvester_intertwiner,human-reviewed exact module assignment,
DavisKahan.Sylvester.Spectrum,sylvester_intertwiner,human-reviewed exact module assignment,
DavisKahan.TanTheta.Theorem63FiniteSource,dk_result_layer,human-reviewed exact module assignment,
DavisKahan.TanTheta.Theorem63InfiniteTrial,dk_result_layer,human-reviewed exact module assignment,
DavisKahan.TanTheta.Theorem63UnboundedCompression,dk_result_layer,human-reviewed exact module assignment,
DavisKahan.TanTheta.Theorem63UnboundedInfiniteTrial,dk_result_layer,human-reviewed exact module assignment,
DavisKahan.TanTheta.UnboundedSpectrum,dk_result_layer,human-reviewed exact module assignment,
ForTauCeti.Analysis.Convex.Majorization,operator_ideals_uinorms,human-reviewed exact module assignment,
ForTauCeti.Analysis.InnerProductSpace.AlignedBasis,hilbert_subspace_geometry,human-reviewed exact module assignment,
ForTauCeti.Analysis.InnerProductSpace.AngleGeometry,hilbert_subspace_geometry,human-reviewed exact module assignment,
ForTauCeti.Analysis.InnerProductSpace.BasisDiagonal,spectral_gap_variational,human-reviewed exact module assignment,
ForTauCeti.Analysis.InnerProductSpace.BasisSpan,hilbert_subspace_geometry,human-reviewed exact module assignment,
ForTauCeti.Analysis.InnerProductSpace.BorelCalculus.DiagonalMeasure,borel_spectral_calculus,human-reviewed exact module assignment,
ForTauCeti.Analysis.InnerProductSpace.BorelCalculus.MultiplicityModel,borel_spectral_calculus,human-reviewed exact module assignment,
ForTauCeti.Analysis.InnerProductSpace.BorelCalculus.Operator,borel_spectral_calculus,human-reviewed exact module assignment,
ForTauCeti.Analysis.InnerProductSpace.BorelCalculus.PVM,borel_spectral_calculus,human-reviewed exact module assignment,
ForTauCeti.Analysis.InnerProductSpace.BorelCalculus.Polarization,borel_spectral_calculus,human-reviewed exact module assignment,
ForTauCeti.Analysis.InnerProductSpace.Complexification.Basic,real_complex_transfer,human-reviewed exact module assignment,
ForTauCeti.Analysis.InnerProductSpace.Complexification.FunctionalCalculus,real_complex_transfer,human-reviewed exact module assignment,
ForTauCeti.Analysis.InnerProductSpace.DoubleAngle.UnboundedReflection,operator_angle_double_angle,human-reviewed exact module assignment,
ForTauCeti.Analysis.InnerProductSpace.EigenblockSpan,hilbert_subspace_geometry,human-reviewed exact module assignment,
ForTauCeti.Analysis.InnerProductSpace.FrameFactorization,singular_subspace_gram_geometry,human-reviewed exact module assignment,
ForTauCeti.Analysis.InnerProductSpace.Gram.Matrix,singular_subspace_gram_geometry,human-reviewed exact module assignment,
ForTauCeti.Analysis.InnerProductSpace.Gram.Operator,singular_subspace_gram_geometry,human-reviewed exact module assignment,
ForTauCeti.Analysis.InnerProductSpace.KyFan,operator_ideals_uinorms,human-reviewed exact module assignment,
ForTauCeti.Analysis.InnerProductSpace.LinearPMap.Closed,unbounded_selfadjoint_spectral,human-reviewed exact module assignment,
ForTauCeti.Analysis.InnerProductSpace.LinearPMap.Complexification,real_complex_transfer,human-reviewed exact module assignment,
ForTauCeti.Analysis.InnerProductSpace.LinearPMap.Complexification.SpectralDescent,real_complex_transfer,human-reviewed exact module assignment,
ForTauCeti.Analysis.InnerProductSpace.LinearPMap.Resolvent,unbounded_selfadjoint_spectral,human-reviewed exact module assignment,
ForTauCeti.Analysis.InnerProductSpace.LinearPMap.ResolventBound,unbounded_selfadjoint_spectral,human-reviewed exact module assignment,
ForTauCeti.Analysis.InnerProductSpace.LinearPMap.SelfAdjointResolvent,unbounded_selfadjoint_spectral,human-reviewed exact module assignment,
ForTauCeti.Analysis.InnerProductSpace.LinearPMap.SpectralMeasure.Construction,unbounded_selfadjoint_spectral,human-reviewed exact module assignment,
ForTauCeti.Analysis.InnerProductSpace.LinearPMap.Sylvester,sylvester_intertwiner,human-reviewed exact module assignment,
ForTauCeti.Analysis.InnerProductSpace.OperatorModulus,operator_ideals_uinorms,human-reviewed exact module assignment,
ForTauCeti.Analysis.InnerProductSpace.OperatorUnitaryEquiv,direct_rotation_two_projection,human-reviewed exact module assignment,
ForTauCeti.Analysis.InnerProductSpace.Polar.Decomposition,direct_rotation_two_projection,human-reviewed exact module assignment,
ForTauCeti.Analysis.InnerProductSpace.Polar.PartialIsometry,direct_rotation_two_projection,human-reviewed exact module assignment,
ForTauCeti.Analysis.InnerProductSpace.PrincipalAngleSequence,hilbert_subspace_geometry,human-reviewed exact module assignment,
ForTauCeti.Analysis.InnerProductSpace.PrincipalAngles,hilbert_subspace_geometry,human-reviewed exact module assignment,
ForTauCeti.Analysis.InnerProductSpace.PrincipalSineSequence,hilbert_subspace_geometry,human-reviewed exact module assignment,
ForTauCeti.Analysis.InnerProductSpace.ProjValMeasure.Basic,borel_spectral_calculus,human-reviewed exact module assignment,
ForTauCeti.Analysis.InnerProductSpace.ProjValMeasure.Subspace,borel_spectral_calculus,human-reviewed exact module assignment,
ForTauCeti.Analysis.InnerProductSpace.Projection.Blocks,hilbert_subspace_geometry,human-reviewed exact module assignment,
ForTauCeti.Analysis.InnerProductSpace.Projection.Gap,hilbert_subspace_geometry,human-reviewed exact module assignment,
ForTauCeti.Analysis.InnerProductSpace.RealContinuousFunctionalCalculus,borel_spectral_calculus,human-reviewed exact module assignment,
ForTauCeti.Analysis.InnerProductSpace.RectangularUnitarilyInvariantSeminorm.Basic,operator_ideals_uinorms,human-reviewed exact module assignment,
ForTauCeti.Analysis.InnerProductSpace.RectangularUnitarilyInvariantSeminorm.Instances,operator_ideals_uinorms,human-reviewed exact module assignment,
ForTauCeti.Analysis.InnerProductSpace.ReducingSubspace,hilbert_subspace_geometry,human-reviewed exact module assignment,
ForTauCeti.Analysis.InnerProductSpace.Residual.AngleEmbedding,residual_ritz_geometry,human-reviewed exact module assignment,
ForTauCeti.Analysis.InnerProductSpace.Residual.Ritz,residual_ritz_geometry,human-reviewed exact module assignment,
ForTauCeti.Analysis.InnerProductSpace.SelfAdjointFunctionalCalculus,borel_spectral_calculus,human-reviewed exact module assignment,
ForTauCeti.Analysis.InnerProductSpace.SinTheta.Frobenius,hilbert_subspace_geometry,human-reviewed exact module assignment,
ForTauCeti.Analysis.InnerProductSpace.Spectral.EigenFrame,spectral_gap_variational,human-reviewed exact module assignment,
ForTauCeti.Analysis.InnerProductSpace.Spectral.Gap,spectral_gap_variational,human-reviewed exact module assignment,
ForTauCeti.Analysis.InnerProductSpace.Spectral.ResidualGap,spectral_gap_variational,human-reviewed exact module assignment,
ForTauCeti.Analysis.InnerProductSpace.Spectral.Subspace,spectral_gap_variational,human-reviewed exact module assignment,
ForTauCeti.Analysis.InnerProductSpace.TwoLevelOperator,spectral_gap_variational,human-reviewed exact module assignment,
ForTauCeti.Analysis.InnerProductSpace.UnitarilyInvariantSeminorm,operator_ideals_uinorms,human-reviewed exact module assignment,
ForTauCeti.Analysis.InnerProductSpace.VectorAngle,hilbert_subspace_geometry,human-reviewed exact module assignment,
ForTauCeti.Analysis.OperatorIdeal.ApproximationNumber.Basic,operator_ideals_uinorms,human-reviewed exact module assignment,
ForTauCeti.Analysis.OperatorIdeal.ApproximationNumber.Core,operator_ideals_uinorms,human-reviewed exact module assignment,
ForTauCeti.Analysis.OperatorIdeal.ApproximationNumber.DiagonalSequence,operator_ideals_uinorms,human-reviewed exact module assignment,
ForTauCeti.Analysis.OperatorIdeal.ApproximationNumber.FiniteRestriction,operator_ideals_uinorms,human-reviewed exact module assignment,
ForTauCeti.Analysis.OperatorIdeal.ApproximationNumber.KyFan,operator_ideals_uinorms,human-reviewed exact module assignment,
ForTauCeti.Analysis.OperatorIdeal.ApproximationNumber.SameSequence,operator_ideals_uinorms,human-reviewed exact module assignment,
ForTauCeti.Analysis.OperatorIdeal.Family.Basic,operator_ideals_uinorms,human-reviewed exact module assignment,
ForTauCeti.MeasureTheory.LpSliceSum,operator_ideals_uinorms,human-reviewed exact module assignment,
ForTauCeti.MeasureTheory.MeasureClass,operator_ideals_uinorms,human-reviewed exact module assignment,
YuWangSamworth2015.Appendix.Lemma5,yws_result_layer,human-reviewed exact module assignment,
YuWangSamworth2015.Core.ConsecutiveBlock,spectral_gap_variational,human-reviewed exact module assignment,Mathematical intermediate/foundation module within the YWS namespace; classified by content rather than by source namespace.
YuWangSamworth2015.Core.Procrustes,singular_subspace_gram_geometry,human-reviewed exact module assignment,Mathematical intermediate/foundation module within the YWS namespace; classified by content rather than by source namespace.
YuWangSamworth2015.Core.Residual,residual_ritz_geometry,human-reviewed exact module assignment,Mathematical intermediate/foundation module within the YWS namespace; classified by content rather than by source namespace.
YuWangSamworth2015.Core.SingularSubspace,singular_subspace_gram_geometry,human-reviewed exact module assignment,Mathematical intermediate/foundation module within the YWS namespace; classified by content rather than by source namespace.
YuWangSamworth2015.Core.Statistics,yws_result_layer,human-reviewed exact module assignment,
YuWangSamworth2015.Core.TopEigenblock,spectral_gap_variational,human-reviewed exact module assignment,Mathematical intermediate/foundation module within the YWS namespace; classified by content rather than by source namespace.
YuWangSamworth2015.Rectangular.FrobeniusGram,singular_subspace_gram_geometry,human-reviewed exact module assignment,Mathematical intermediate/foundation module within the YWS namespace; classified by content rather than by source namespace.
YuWangSamworth2015.Rectangular.RankBoundary,singular_subspace_gram_geometry,human-reviewed exact module assignment,Mathematical intermediate/foundation module within the YWS namespace; classified by content rather than by source namespace.
YuWangSamworth2015.Rectangular.RankOne,singular_subspace_gram_geometry,human-reviewed exact module assignment,Mathematical intermediate/foundation module within the YWS namespace; classified by content rather than by source namespace.
YuWangSamworth2015.Rectangular.SingularBlock,singular_subspace_gram_geometry,human-reviewed exact module assignment,Mathematical intermediate/foundation module within the YWS namespace; classified by content rather than by source namespace.
YuWangSamworth2015.Rectangular.Theorem4,yws_result_layer,human-reviewed exact module assignment,
YuWangSamworth2015.Symmetric.AngleIdentity,hilbert_subspace_geometry,human-reviewed exact module assignment,Mathematical intermediate/foundation module within the YWS namespace; classified by content rather than by source namespace.
YuWangSamworth2015.Symmetric.Corollary1,yws_result_layer,human-reviewed exact module assignment,
YuWangSamworth2015.Symmetric.MiddleBlockSharpness,yws_result_layer,human-reviewed exact module assignment,
YuWangSamworth2015.Symmetric.MixedGap,spectral_gap_variational,human-reviewed exact module assignment,Mathematical intermediate/foundation module within the YWS namespace; classified by content rather than by source namespace.
YuWangSamworth2015.Symmetric.OrthogonalSharpness,yws_result_layer,human-reviewed exact module assignment,
YuWangSamworth2015.Symmetric.PlanarSharpness,yws_result_layer,human-reviewed exact module assignment,
YuWangSamworth2015.Symmetric.Theorem1,yws_result_layer,human-reviewed exact module assignment,
YuWangSamworth2015.Symmetric.Theorem2,yws_result_layer,human-reviewed exact module assignment,
