module,theory_id,reached_declarations,indexed_declarations_in_module
DavisKahan.BoundedOperator.Compat,dk_result_layer,8,14
DavisKahan.DoubleAngle.TanTwoThetaBranchFree,operator_angle_double_angle,1,9
DavisKahan.DoubleAngle.UnboundedIdeal,operator_angle_double_angle,1,15
DavisKahan.FiniteDimensional.DirectRotation.Basic,direct_rotation_two_projection,3,36
DavisKahan.FiniteDimensional.DirectRotation.ShortRotationCounterexample,direct_rotation_two_projection,3,50
DavisKahan.FiniteDimensional.Residual.AngleEmbeddings,residual_ritz_geometry,1,20
DavisKahan.FiniteDimensional.TanTheta.RitzResidual,residual_ritz_geometry,1,23
DavisKahan.Frontier.Core,dk_result_layer,1,4
DavisKahan.Frontier.Section3,dk_result_layer,17,126
DavisKahan.Frontier.Section3Real,dk_result_layer,1,4
DavisKahan.Frontier.Section8PartII,dk_result_layer,6,22
DavisKahan.Frontier.Section8PartIIReal,dk_result_layer,7,23
DavisKahan.Frontier.Section8Perturbation,dk_result_layer,1,55
DavisKahan.Frontier.Section8SourceDictionary,dk_result_layer,5,26
DavisKahan.Frontier.Section8SourceSurface,dk_result_layer,9,30
DavisKahan.Frontier.Section8SourceTheorem82,dk_result_layer,1,16
DavisKahan.Frontier.Section8SourceTheorem82Real,dk_result_layer,2,18
DavisKahan.Geometry.Angle.BasisAngleEnergy,operator_angle_double_angle,1,16
DavisKahan.Geometry.Angle.OperatorAngleComplex,operator_angle_double_angle,1,66
DavisKahan.Geometry.Angle.PaperDoubleAngle,operator_angle_double_angle,1,8
DavisKahan.Geometry.Angle.PaperOperatorAngle,operator_angle_double_angle,2,23
DavisKahan.Geometry.Angle.PaperOperatorAngleReal,operator_angle_double_angle,4,22
DavisKahan.Geometry.Angle.PaperTanAngle,operator_angle_double_angle,2,15
DavisKahan.Geometry.Angle.Proposition35Infinite,operator_angle_double_angle,6,55
DavisKahan.Geometry.Angle.Proposition35Nonacute,operator_angle_double_angle,2,13
DavisKahan.Geometry.Halmos.AngleSequenceRealization,direct_rotation_two_projection,9,52
DavisKahan.Geometry.Halmos.CompactClassification,direct_rotation_two_projection,1,15
DavisKahan.Geometry.Halmos.GenericPosition,direct_rotation_two_projection,3,56
DavisKahan.Geometry.Halmos.GenericRotationPredicates,direct_rotation_two_projection,2,18
DavisKahan.Geometry.Halmos.Realization,direct_rotation_two_projection,14,120
DavisKahan.Geometry.Halmos.TwoProjections,direct_rotation_two_projection,9,60
DavisKahan.Geometry.Halmos.UnitaryEquivalence,direct_rotation_two_projection,1,2
DavisKahan.Geometry.Polar.DirectRotation,direct_rotation_two_projection,4,86
DavisKahan.Geometry.Polar.DirectRotationReal,direct_rotation_two_projection,3,51
DavisKahan.Geometry.Polar.DirectRotationSquare,direct_rotation_two_projection,1,48
DavisKahan.Geometry.Polar.OperatorAbsoluteValue,direct_rotation_two_projection,1,14
DavisKahan.Geometry.Polar.Section3Nonacute,direct_rotation_two_projection,5,85
DavisKahan.InfiniteDimensional.DoubleAngle,operator_angle_double_angle,2,35
DavisKahan.OperatorIdeal.ApproximationNumbers.ScalarGeneric,operator_ideals_uinorms,5,52
DavisKahan.SinTheta.Bounded.Core,dk_result_layer,2,18
DavisKahan.SinTheta.BoundedPerturbation,dk_result_layer,1,9
DavisKahan.SinTheta.Canonical,dk_result_layer,11,137
DavisKahan.SinTheta.FrameFactorization,dk_result_layer,7,49
DavisKahan.SinTheta.FrameFactorizationGeneric,dk_result_layer,3,12
DavisKahan.SinTheta.Real.FrameFactorization,dk_result_layer,2,7
DavisKahan.SinTheta.Real.Generalized,dk_result_layer,1,5
DavisKahan.SinTheta.Unbounded.Core,dk_result_layer,11,61
DavisKahan.Sources.DavisKahan1970.AmbientBlockVocabulary,dk_result_layer,2,3
DavisKahan.Sources.DavisKahan1970.Directed,dk_result_layer,1,2
DavisKahan.Sources.DavisKahan1970.DirectedReal,dk_result_layer,6,30
DavisKahan.Sources.DavisKahan1970.DirectedUnboundedReal,dk_result_layer,1,20
DavisKahan.Sources.DavisKahan1970.FullPartIII,dk_result_layer,4,87
DavisKahan.Sources.DavisKahan1970.FullSineTheta,dk_result_layer,14,106
DavisKahan.Sources.DavisKahan1970.GeneralSinTheta,dk_result_layer,2,19
DavisKahan.Sources.DavisKahan1970.HeadlineGeneric,dk_result_layer,4,6
DavisKahan.Sources.DavisKahan1970.Ideals.HilbertSchmidt,dk_result_layer,3,28
DavisKahan.Sources.DavisKahan1970.PartIII,dk_result_layer,1,17
DavisKahan.Sources.DavisKahan1970.RemainingSourceSurface,dk_result_layer,2,79
DavisKahan.Sources.DavisKahan1970.Section2TanThetaPerturbation,dk_result_layer,1,4
DavisKahan.Sources.DavisKahan1970.Section3AcuteDirectRotation,dk_result_layer,2,17
DavisKahan.Sources.DavisKahan1970.Section3PrincipalSquareRoot,dk_result_layer,5,7
DavisKahan.Sources.DavisKahan1970.Section3Proposition34,dk_result_layer,1,2
DavisKahan.Sources.DavisKahan1970.Section3Proposition34Real,dk_result_layer,1,1
DavisKahan.Sources.DavisKahan1970.Section3Proposition35,dk_result_layer,14,27
DavisKahan.Sources.DavisKahan1970.Section4,dk_result_layer,6,28
DavisKahan.Sources.DavisKahan1970.Section4Real,dk_result_layer,6,51
DavisKahan.Sources.DavisKahan1970.Section5,dk_result_layer,2,4
DavisKahan.Sources.DavisKahan1970.Section6AppendixLeakage,dk_result_layer,3,12
DavisKahan.Sources.DavisKahan1970.Section6AppendixLeakageReal,dk_result_layer,1,5
DavisKahan.Sources.DavisKahan1970.Section8.SourceTheorem81,dk_result_layer,5,29
DavisKahan.Sources.DavisKahan1970.Section8.SourceTheorem81Real,dk_result_layer,3,19
DavisKahan.Sources.DavisKahan1970.SinTwoTheta,dk_result_layer,4,30
DavisKahan.Sources.DavisKahan1970.SinTwoThetaUnboundedDirectedResidual,dk_result_layer,2,5
DavisKahan.Sources.DavisKahan1970.SinTwoThetaUnboundedDirectedResidualReal,dk_result_layer,3,7
DavisKahan.Sources.DavisKahan1970.SinTwoThetaWholeSpace,dk_result_layer,1,13
DavisKahan.Sources.DavisKahan1970.SineTheta.CommonCore,dk_result_layer,4,24
DavisKahan.Sources.DavisKahan1970.SineTheta.CommonCoreTheorems,dk_result_layer,21,120
DavisKahan.Sources.DavisKahan1970.SineTheta.CommonDomain,dk_result_layer,4,9
DavisKahan.Sources.DavisKahan1970.SineTheta.CommonDomainTheorems,dk_result_layer,22,127
DavisKahan.Sources.DavisKahan1970.SineTheta.HeadlineGeneric,dk_result_layer,1,2
DavisKahan.Sources.DavisKahan1970.SineTheta.Lemma61,dk_result_layer,3,15
DavisKahan.Sources.DavisKahan1970.SineTheta.Norms.SingularValueTransport,dk_result_layer,6,46
DavisKahan.Sources.DavisKahan1970.SineTheta.Norms.UnitaryInvariantNorm,dk_result_layer,8,44
DavisKahan.Sources.DavisKahan1970.SineTheta.PaperSurface,dk_result_layer,3,22
DavisKahan.Sources.DavisKahan1970.SineTheta.ProjectionBlocks,dk_result_layer,2,16
DavisKahan.Sources.DavisKahan1970.SineTheta.Symmetric,dk_result_layer,9,49
DavisKahan.Sources.DavisKahan1970.SineTheta.SymmetricReal,dk_result_layer,9,53
DavisKahan.Sources.DavisKahan1970.SineTheta.Theorem61Universal,dk_result_layer,29,121
DavisKahan.Sources.DavisKahan1970.SineTheta.Theorem62,dk_result_layer,14,75
DavisKahan.Sources.DavisKahan1970.TanThetaUnboundedAmbient,dk_result_layer,3,9
DavisKahan.Sources.DavisKahan1970.TanThetaUnboundedAmbientReal,dk_result_layer,3,9
DavisKahan.Sources.DavisKahan1970.TanThetaWholeSpace,dk_result_layer,2,44
DavisKahan.Sources.DavisKahan1970.TanTwoThetaReflectionAmbient,dk_result_layer,2,8
DavisKahan.Sources.DavisKahan1970.TanTwoThetaUnboundedAmbientExact,dk_result_layer,1,4
DavisKahan.Sources.DavisKahan1970.TanTwoThetaUnboundedExact,dk_result_layer,2,3
DavisKahan.Sources.DavisKahan1970.TanTwoThetaUnboundedExactReal,dk_result_layer,2,5
DavisKahan.Sources.DavisKahan1970.TanTwoThetaUnboundedGramBridge,dk_result_layer,1,36
DavisKahan.Sources.DavisKahan1970.TanTwoThetaUnboundedGramMiddle,dk_result_layer,1,23
DavisKahan.Sources.DavisKahan1970.TanTwoThetaUnboundedKyFan,dk_result_layer,1,104
DavisKahan.Sources.DavisKahan1970.WholeSpaceReal,dk_result_layer,6,12
DavisKahan.SpectralTheory.AbstractSpectrum,unbounded_selfadjoint_spectral,4,44
DavisKahan.SpectralTheory.BoundedSelfAdjointSpectralProjection,borel_spectral_calculus,3,9
DavisKahan.SpectralTheory.ClosedOperator.Basic,unbounded_selfadjoint_spectral,8,72
DavisKahan.SpectralTheory.ClosedOperator.Complexification,real_complex_transfer,6,51
DavisKahan.SpectralTheory.ClosedOperator.MathlibBridge,unbounded_selfadjoint_spectral,2,4
DavisKahan.SpectralTheory.Complexification.BoundedGapProjection,real_complex_transfer,2,7
DavisKahan.SpectralTheory.Complexification.Subspace,real_complex_transfer,2,23
DavisKahan.SpectralTheory.OperatorAngle,operator_angle_double_angle,1,2
DavisKahan.SpectralTheory.Real.SpectralRestriction,unbounded_selfadjoint_spectral,5,41
DavisKahan.SpectralTheory.ReducingSubspace.Restriction,unbounded_selfadjoint_spectral,2,16
DavisKahan.SpectralTheory.SpectralRestriction,unbounded_selfadjoint_spectral,3,12
DavisKahan.SpectralTheory.SpectralRestrictionOperator,unbounded_selfadjoint_spectral,1,5
DavisKahan.Sylvester.ClosedSylvesterEquation,sylvester_intertwiner,6,8
DavisKahan.Sylvester.Gap,sylvester_intertwiner,4,13
DavisKahan.Sylvester.RealUnbounded,sylvester_intertwiner,1,2
DavisKahan.Sylvester.ScalarGeneric,sylvester_intertwiner,1,9
DavisKahan.Sylvester.Spectrum,sylvester_intertwiner,2,14
DavisKahan.TanTheta.Theorem63FiniteSource,dk_result_layer,3,45
DavisKahan.TanTheta.Theorem63InfiniteTrial,dk_result_layer,1,18
DavisKahan.TanTheta.Theorem63UnboundedCompression,dk_result_layer,4,68
DavisKahan.TanTheta.Theorem63UnboundedInfiniteTrial,dk_result_layer,1,12
DavisKahan.TanTheta.UnboundedSpectrum,dk_result_layer,3,23
ForTauCeti.Analysis.Convex.Majorization,operator_ideals_uinorms,2,84
ForTauCeti.Analysis.InnerProductSpace.AlignedBasis,hilbert_subspace_geometry,2,12
ForTauCeti.Analysis.InnerProductSpace.AngleGeometry,hilbert_subspace_geometry,8,54
ForTauCeti.Analysis.InnerProductSpace.BasisDiagonal,spectral_gap_variational,4,18
ForTauCeti.Analysis.InnerProductSpace.BasisSpan,hilbert_subspace_geometry,1,10
ForTauCeti.Analysis.InnerProductSpace.BorelCalculus.DiagonalMeasure,borel_spectral_calculus,3,18
ForTauCeti.Analysis.InnerProductSpace.BorelCalculus.MultiplicityModel,borel_spectral_calculus,11,60
ForTauCeti.Analysis.InnerProductSpace.BorelCalculus.Operator,borel_spectral_calculus,7,31
ForTauCeti.Analysis.InnerProductSpace.BorelCalculus.PVM,borel_spectral_calculus,10,25
ForTauCeti.Analysis.InnerProductSpace.BorelCalculus.Polarization,borel_spectral_calculus,1,10
ForTauCeti.Analysis.InnerProductSpace.Complexification.Basic,real_complex_transfer,16,72
ForTauCeti.Analysis.InnerProductSpace.Complexification.FunctionalCalculus,real_complex_transfer,2,44
ForTauCeti.Analysis.InnerProductSpace.DoubleAngle.UnboundedReflection,operator_angle_double_angle,1,6
ForTauCeti.Analysis.InnerProductSpace.EigenblockSpan,hilbert_subspace_geometry,2,5
ForTauCeti.Analysis.InnerProductSpace.FrameFactorization,singular_subspace_gram_geometry,1,42
ForTauCeti.Analysis.InnerProductSpace.Gram.Matrix,singular_subspace_gram_geometry,3,20
ForTauCeti.Analysis.InnerProductSpace.Gram.Operator,singular_subspace_gram_geometry,4,10
ForTauCeti.Analysis.InnerProductSpace.KyFan,operator_ideals_uinorms,1,22
ForTauCeti.Analysis.InnerProductSpace.LinearPMap.Closed,unbounded_selfadjoint_spectral,9,101
ForTauCeti.Analysis.InnerProductSpace.LinearPMap.Complexification,real_complex_transfer,6,25
ForTauCeti.Analysis.InnerProductSpace.LinearPMap.Complexification.SpectralDescent,real_complex_transfer,4,26
ForTauCeti.Analysis.InnerProductSpace.LinearPMap.Resolvent,unbounded_selfadjoint_spectral,2,12
ForTauCeti.Analysis.InnerProductSpace.LinearPMap.ResolventBound,unbounded_selfadjoint_spectral,1,11
ForTauCeti.Analysis.InnerProductSpace.LinearPMap.SelfAdjointResolvent,unbounded_selfadjoint_spectral,3,29
ForTauCeti.Analysis.InnerProductSpace.LinearPMap.SpectralMeasure.Construction,unbounded_selfadjoint_spectral,8,61
ForTauCeti.Analysis.InnerProductSpace.LinearPMap.Sylvester,sylvester_intertwiner,3,37
ForTauCeti.Analysis.InnerProductSpace.OperatorModulus,operator_ideals_uinorms,1,18
ForTauCeti.Analysis.InnerProductSpace.OperatorUnitaryEquiv,direct_rotation_two_projection,1,15
ForTauCeti.Analysis.InnerProductSpace.Polar.Decomposition,direct_rotation_two_projection,6,31
ForTauCeti.Analysis.InnerProductSpace.Polar.PartialIsometry,direct_rotation_two_projection,5,56
ForTauCeti.Analysis.InnerProductSpace.PrincipalAngleSequence,hilbert_subspace_geometry,1,5
ForTauCeti.Analysis.InnerProductSpace.PrincipalAngles,hilbert_subspace_geometry,3,30
ForTauCeti.Analysis.InnerProductSpace.PrincipalSineSequence,hilbert_subspace_geometry,2,9
ForTauCeti.Analysis.InnerProductSpace.ProjValMeasure.Basic,borel_spectral_calculus,3,35
ForTauCeti.Analysis.InnerProductSpace.ProjValMeasure.Subspace,borel_spectral_calculus,1,8
ForTauCeti.Analysis.InnerProductSpace.Projection.Blocks,hilbert_subspace_geometry,3,23
ForTauCeti.Analysis.InnerProductSpace.Projection.Gap,hilbert_subspace_geometry,2,13
ForTauCeti.Analysis.InnerProductSpace.RealContinuousFunctionalCalculus,borel_spectral_calculus,1,26
ForTauCeti.Analysis.InnerProductSpace.RectangularUnitarilyInvariantSeminorm.Basic,operator_ideals_uinorms,3,37
ForTauCeti.Analysis.InnerProductSpace.RectangularUnitarilyInvariantSeminorm.Instances,operator_ideals_uinorms,1,41
ForTauCeti.Analysis.InnerProductSpace.ReducingSubspace,hilbert_subspace_geometry,1,7
ForTauCeti.Analysis.InnerProductSpace.Residual.AngleEmbedding,residual_ritz_geometry,3,42
ForTauCeti.Analysis.InnerProductSpace.Residual.Ritz,residual_ritz_geometry,4,16
ForTauCeti.Analysis.InnerProductSpace.SelfAdjointFunctionalCalculus,borel_spectral_calculus,2,36
ForTauCeti.Analysis.InnerProductSpace.SinTheta.Frobenius,hilbert_subspace_geometry,1,3
ForTauCeti.Analysis.InnerProductSpace.Spectral.EigenFrame,spectral_gap_variational,5,23
ForTauCeti.Analysis.InnerProductSpace.Spectral.Gap,spectral_gap_variational,4,11
ForTauCeti.Analysis.InnerProductSpace.Spectral.ResidualGap,spectral_gap_variational,1,3
ForTauCeti.Analysis.InnerProductSpace.Spectral.Subspace,spectral_gap_variational,6,30
ForTauCeti.Analysis.InnerProductSpace.TwoLevelOperator,spectral_gap_variational,2,10
ForTauCeti.Analysis.InnerProductSpace.UnitarilyInvariantSeminorm,operator_ideals_uinorms,6,57
ForTauCeti.Analysis.InnerProductSpace.VectorAngle,hilbert_subspace_geometry,1,6
ForTauCeti.Analysis.OperatorIdeal.ApproximationNumber.Basic,operator_ideals_uinorms,1,22
ForTauCeti.Analysis.OperatorIdeal.ApproximationNumber.Core,operator_ideals_uinorms,4,49
ForTauCeti.Analysis.OperatorIdeal.ApproximationNumber.DiagonalSequence,operator_ideals_uinorms,2,20
ForTauCeti.Analysis.OperatorIdeal.ApproximationNumber.FiniteRestriction,operator_ideals_uinorms,1,19
ForTauCeti.Analysis.OperatorIdeal.ApproximationNumber.KyFan,operator_ideals_uinorms,1,24
ForTauCeti.Analysis.OperatorIdeal.ApproximationNumber.SameSequence,operator_ideals_uinorms,1,9
ForTauCeti.Analysis.OperatorIdeal.Family.Basic,operator_ideals_uinorms,4,85
ForTauCeti.MeasureTheory.LpSliceSum,operator_ideals_uinorms,2,32
ForTauCeti.MeasureTheory.MeasureClass,operator_ideals_uinorms,1,13
YuWangSamworth2015.Appendix.Lemma5,yws_result_layer,5,5
YuWangSamworth2015.Core.ConsecutiveBlock,spectral_gap_variational,6,8
YuWangSamworth2015.Core.Procrustes,singular_subspace_gram_geometry,12,14
YuWangSamworth2015.Core.Residual,residual_ritz_geometry,12,14
YuWangSamworth2015.Core.SingularSubspace,singular_subspace_gram_geometry,11,19
YuWangSamworth2015.Core.Statistics,yws_result_layer,18,25
YuWangSamworth2015.Core.TopEigenblock,spectral_gap_variational,2,4
YuWangSamworth2015.Rectangular.FrobeniusGram,singular_subspace_gram_geometry,7,10
YuWangSamworth2015.Rectangular.RankBoundary,singular_subspace_gram_geometry,5,6
YuWangSamworth2015.Rectangular.RankOne,singular_subspace_gram_geometry,4,4
YuWangSamworth2015.Rectangular.SingularBlock,singular_subspace_gram_geometry,9,9
YuWangSamworth2015.Rectangular.Theorem4,yws_result_layer,16,26
YuWangSamworth2015.Symmetric.AngleIdentity,hilbert_subspace_geometry,2,2
YuWangSamworth2015.Symmetric.Corollary1,yws_result_layer,6,12
YuWangSamworth2015.Symmetric.MiddleBlockSharpness,yws_result_layer,12,23
YuWangSamworth2015.Symmetric.MixedGap,spectral_gap_variational,14,19
YuWangSamworth2015.Symmetric.OrthogonalSharpness,yws_result_layer,11,23
YuWangSamworth2015.Symmetric.PlanarSharpness,yws_result_layer,7,10
YuWangSamworth2015.Symmetric.Theorem1,yws_result_layer,3,3
YuWangSamworth2015.Symmetric.Theorem2,yws_result_layer,15,17
